[{"id":"6282158549899@s.whatsapp.net","xp":3000362699,"level":300},{"id":"62814622392081@s.whatsapp.net","xp":627668,"level":7},{"id":"6281361143310@s.whatsapp.net","xp":440891,"level":7},{"id":"6281387404574@s.whatsapp.net","xp":230546,"level":6},{"id":"6287800103763@s.whatsapp.net","xp":216966,"level":6},{"id":"6281779970078@s.whatsapp.net","xp":175508,"level":6},{"id":"6285935379225@s.whatsapp.net","xp":160901,"level":6},{"id":"6281534162316@s.whatsapp.net","xp":150311,"level":5},{"id":"62813276942007@s.whatsapp.net","xp":142265,"level":5},{"id":"6285368478641@s.whatsapp.net","xp":97900,"level":5},{"id":"6281331320741@s.whatsapp.net","xp":96902,"level":5},{"id":"6281330951672@s.whatsapp.net","xp":92842,"level":5},{"id":"6281285084665@s.whatsapp.net","xp":91362,"level":5},{"id":"6287747116262@s.whatsapp.net","xp":85763,"level":5},{"id":"6281251768858@s.whatsapp.net","xp":82226,"level":5},{"id":"6283840848008@s.whatsapp.net","xp":77244,"level":5},{"id":"6285247416020@s.whatsapp.net","xp":76197,"level":5},{"id":"6281572311869@s.whatsapp.net","xp":63578,"level":4},{"id":"6288227740037@s.whatsapp.net","xp":62593,"level":4},{"id":"6288226895622@s.whatsapp.net","xp":60551,"level":4},{"id":"6289682143899@s.whatsapp.net","xp":58499,"level":4},{"id":"6289518650337@s.whatsapp.net","xp":54466,"level":4},{"id":"6289507299774@s.whatsapp.net","xp":53459,"level":4},{"id":"6281368804189@s.whatsapp.net","xp":51451,"level":4},{"id":"6288708038034@s.whatsapp.net","xp":51432,"level":4},{"id":"6288210872974@s.whatsapp.net","xp":43554,"level":4},{"id":"6285868554990@s.whatsapp.net","xp":41905,"level":4},{"id":"6283829149523@s.whatsapp.net","xp":38368,"level":4},{"id":"6285889688845@s.whatsapp.net","xp":39880,"level":4},{"id":"12106864388@s.whatsapp.net","xp":38336,"level":4},{"id":"6287881305543@s.whatsapp.net","xp":32793,"level":3},{"id":"6283150943835@s.whatsapp.net","xp":32293,"level":3},{"id":"6287877173955@s.whatsapp.net","xp":31793,"level":3},{"id":"6289699409065@s.whatsapp.net","xp":40346,"level":4},{"id":"6283117749176@s.whatsapp.net","xp":28756,"level":3},{"id":"6289652278951@s.whatsapp.net","xp":23707,"level":3},{"id":"6281345014302@s.whatsapp.net","xp":22692,"level":3},{"id":"6285831060134@s.whatsapp.net","xp":21197,"level":3},{"id":"6285740955675@s.whatsapp.net","xp":20689,"level":3},{"id":"628889283146@s.whatsapp.net","xp":20672,"level":3},{"id":"6288902048355@s.whatsapp.net","xp":20182,"level":3},{"id":"62895619624576@s.whatsapp.net","xp":19182,"level":3},{"id":"6281286309911@s.whatsapp.net","xp":19163,"level":3},{"id":"6283892603931@s.whatsapp.net","xp":18668,"level":3},{"id":"6289527205095@s.whatsapp.net","xp":19666,"level":3},{"id":"6281330831316@s.whatsapp.net","xp":18203,"level":3},{"id":"6289670402944@s.whatsapp.net","xp":19675,"level":3},{"id":"6285751134415@s.whatsapp.net","xp":17146,"level":3},{"id":"6283195418645@s.whatsapp.net","xp":19655,"level":3},{"id":"6285758779973@s.whatsapp.net","xp":16660,"level":3},{"id":"6285784720566@s.whatsapp.net","xp":16640,"level":3},{"id":"6285293163758@s.whatsapp.net","xp":16637,"level":3},{"id":"6285214867607@s.whatsapp.net","xp":15662,"level":3},{"id":"6288805605620@s.whatsapp.net","xp":15661,"level":3},{"id":"6281350477609@s.whatsapp.net","xp":17163,"level":3},{"id":"6285732638516@s.whatsapp.net","xp":15636,"level":3},{"id":"6282159251410@s.whatsapp.net","xp":15626,"level":3},{"id":"6281339438646@s.whatsapp.net","xp":15110,"level":3},{"id":"6281996278487@s.whatsapp.net","xp":14634,"level":2},{"id":"6281327538371@s.whatsapp.net","xp":14121,"level":2},{"id":"6289514130101@s.whatsapp.net","xp":13627,"level":2},{"id":"16789748020@s.whatsapp.net","xp":13142,"level":2},{"id":"6283803933740@s.whatsapp.net","xp":13094,"level":2},{"id":"6281351791602@s.whatsapp.net","xp":12621,"level":2},{"id":"62887433194326@s.whatsapp.net","xp":12614,"level":2},{"id":"6285713709682@s.whatsapp.net","xp":14115,"level":2},{"id":"6281355233924@s.whatsapp.net","xp":11590,"level":2},{"id":"6281319838094@s.whatsapp.net","xp":50917,"level":4},{"id":"6289643898145@s.whatsapp.net","xp":10600,"level":2},{"id":"6289509040753@s.whatsapp.net","xp":10598,"level":2},{"id":"6283172372846@s.whatsapp.net","xp":10597,"level":2},{"id":"6281351791602@s.whatsapp.net","xp":10593,"level":2},{"id":"6285282998936@s.whatsapp.net","xp":10582,"level":2},{"id":"6287760047825@s.whatsapp.net","xp":10109,"level":2},{"id":"6283840568986@s.whatsapp.net","xp":10106,"level":2},{"id":"6281231968466@s.whatsapp.net","xp":10084,"level":2},{"id":"6282248804751@s.whatsapp.net","xp":9082,"level":2},{"id":"6285602511586@s.whatsapp.net","xp":10586,"level":2},{"id":"6281991050510@s.whatsapp.net","xp":9066,"level":2},{"id":"6285158801134@s.whatsapp.net","xp":9059,"level":2},{"id":"6285242174300@s.whatsapp.net","xp":8578,"level":2},{"id":"6285842618722@s.whatsapp.net","xp":8560,"level":2},{"id":"6281526095782@s.whatsapp.net","xp":8554,"level":2},{"id":"6281818491386@s.whatsapp.net","xp":8090,"level":2},{"id":"6285849169760@s.whatsapp.net","xp":8072,"level":2},{"id":"6282180158800@s.whatsapp.net","xp":8067,"level":2},{"id":"6281263646254@s.whatsapp.net","xp":7587,"level":2},{"id":"6288221564689@s.whatsapp.net","xp":7576,"level":2},{"id":"6289526801901@s.whatsapp.net","xp":7572,"level":2},{"id":"6289517805402@s.whatsapp.net","xp":7558,"level":2},{"id":"6281259647518@s.whatsapp.net","xp":7077,"level":2},{"id":"6289673458238@s.whatsapp.net","xp":7066,"level":2},{"id":"6285832219323@s.whatsapp.net","xp":7061,"level":2},{"id":"6285774288960@s.whatsapp.net","xp":7060,"level":2},{"id":"6285885751157@s.whatsapp.net","xp":8060,"level":2},{"id":"6282165099405@s.whatsapp.net","xp":7055,"level":2},{"id":"6289515502313@s.whatsapp.net","xp":7054,"level":2},{"id":"6285212267741@s.whatsapp.net","xp":10069,"level":2},{"id":"6282199069274@s.whatsapp.net","xp":6572,"level":2},{"id":"6285895390985@s.whatsapp.net","xp":9085,"level":2},{"id":"6282215143151@s.whatsapp.net","xp":6559,"level":2},{"id":"628988014419@s.whatsapp.net","xp":6550,"level":2},{"id":"6282319411823@s.whatsapp.net","xp":6043,"level":2},{"id":"6282285277905@s.whatsapp.net","xp":5563,"level":2},{"id":"6283159370321@s.whatsapp.net","xp":5550,"level":2},{"id":"6281230818411@s.whatsapp.net","xp":5545,"level":2},{"id":"6282283497634@s.whatsapp.net","xp":5051,"level":2},{"id":"6281910507307@s.whatsapp.net","xp":5043,"level":2},{"id":"6282280515971@s.whatsapp.net","xp":9573,"level":2},{"id":"6285849663585@s.whatsapp.net","xp":5039,"level":2},{"id":"6288213867348@s.whatsapp.net","xp":5034,"level":2},{"id":"6285708784006@s.whatsapp.net","xp":5034,"level":2},{"id":"6282190823668@s.whatsapp.net","xp":7573,"level":2},{"id":"6285799479320@s.whatsapp.net","xp":4539,"level":1},{"id":"6281217542139@s.whatsapp.net","xp":4538,"level":1},{"id":"6281222457360@s.whatsapp.net","xp":4537,"level":1},{"id":"6282229009163@s.whatsapp.net","xp":4537,"level":1},{"id":"6282285727690@s.whatsapp.net","xp":4537,"level":1},{"id":"6287724039628@s.whatsapp.net","xp":4536,"level":1},{"id":"6282136509457@s.whatsapp.net","xp":4536,"level":1},{"id":"6282115260102@s.whatsapp.net","xp":4528,"level":1},{"id":"6281274089135@s.whatsapp.net","xp":4521,"level":1},{"id":"6281645407404@s.whatsapp.net","xp":4039,"level":1},{"id":"6282171276017@s.whatsapp.net","xp":4038,"level":1},{"id":"6282139374884@s.whatsapp.net","xp":4033,"level":1},{"id":"6281524478313@s.whatsapp.net","xp":4032,"level":1},{"id":"62895335123910@s.whatsapp.net","xp":3545,"level":1},{"id":"6283819357474@s.whatsapp.net","xp":3542,"level":1},{"id":"6285740933358@s.whatsapp.net","xp":3540,"level":1},{"id":"6282283105588@s.whatsapp.net","xp":3536,"level":1},{"id":"6281393720515@s.whatsapp.net","xp":3534,"level":1},{"id":"6281219252227@s.whatsapp.net","xp":3533,"level":1},{"id":"6283863213203@s.whatsapp.net","xp":3532,"level":1},{"id":"6282171653245@s.whatsapp.net","xp":3531,"level":1},{"id":"6281909860876@s.whatsapp.net","xp":3531,"level":1},{"id":"6289501190524@s.whatsapp.net","xp":3530,"level":1},{"id":"6283832463527@s.whatsapp.net","xp":3540,"level":1},{"id":"6288235457233@s.whatsapp.net","xp":3030,"level":1},{"id":"6285604045422@s.whatsapp.net","xp":3029,"level":1},{"id":"6289647211148@s.whatsapp.net","xp":3027,"level":1},{"id":"60194401598@s.whatsapp.net","xp":3027,"level":1},{"id":"6285697408696@s.whatsapp.net","xp":3022,"level":1},{"id":"6289604752200@s.whatsapp.net","xp":4035,"level":1},{"id":"6285896107302@s.whatsapp.net","xp":3019,"level":1},{"id":"18313535216@s.whatsapp.net","xp":3019,"level":1},{"id":"6285741702070@s.whatsapp.net","xp":3018,"level":1},{"id":"6287776205626@s.whatsapp.net","xp":2536,"level":1},{"id":"6285654861534@s.whatsapp.net","xp":2529,"level":1},{"id":"6289512876705@s.whatsapp.net","xp":2525,"level":1},{"id":"60138545218@s.whatsapp.net","xp":2525,"level":1},{"id":"6281215454743@s.whatsapp.net","xp":2524,"level":1},{"id":"6282325574232@s.whatsapp.net","xp":2523,"level":1},{"id":"6282115104398@s.whatsapp.net","xp":2520,"level":1},{"id":"6282217142718@s.whatsapp.net","xp":2519,"level":1},{"id":"6283893649921@s.whatsapp.net","xp":2518,"level":1},{"id":"6281377706020@s.whatsapp.net","xp":2517,"level":1},{"id":"62895802807300@s.whatsapp.net","xp":2516,"level":1},{"id":"6285781263569@s.whatsapp.net","xp":2026,"level":1},{"id":"6283165686579@s.whatsapp.net","xp":2026,"level":1},{"id":"6285607518699@s.whatsapp.net","xp":2024,"level":1},{"id":"6285321580180@s.whatsapp.net","xp":2024,"level":1},{"id":"6282155174110@s.whatsapp.net","xp":2023,"level":1},{"id":"6282121103995@s.whatsapp.net","xp":2023,"level":1},{"id":"62815152950951@s.whatsapp.net","xp":2023,"level":1},{"id":"6285607553922@s.whatsapp.net","xp":2021,"level":1},{"id":"6282253201723@s.whatsapp.net","xp":2019,"level":1},{"id":"6283117418130@s.whatsapp.net","xp":2018,"level":1},{"id":"6283148375193@s.whatsapp.net","xp":2017,"level":1},{"id":"6281283846160@s.whatsapp.net","xp":2015,"level":1},{"id":"6285268962265@s.whatsapp.net","xp":2015,"level":1},{"id":"62887435327154@s.whatsapp.net","xp":2013,"level":1},{"id":"628978654851@s.whatsapp.net","xp":2012,"level":1},{"id":"6289527218920@s.whatsapp.net","xp":2012,"level":1},{"id":"6287796552221@s.whatsapp.net","xp":2011,"level":1},{"id":"6282363245274@s.whatsapp.net","xp":2010,"level":1},{"id":"6282254187237@s.whatsapp.net","xp":1521,"level":1},{"id":"6282199426042@s.whatsapp.net","xp":1519,"level":1},{"id":"6285752922166@s.whatsapp.net","xp":1518,"level":1},{"id":"6281336174482@s.whatsapp.net","xp":1517,"level":1},{"id":"6289662407434@s.whatsapp.net","xp":1515,"level":1},{"id":"6282250857973@s.whatsapp.net","xp":9100,"level":2},{"id":"6281388843464@s.whatsapp.net","xp":1018,"level":1},{"id":"6282219846760@s.whatsapp.net","xp":1016,"level":1},{"id":"6281256249943@s.whatsapp.net","xp":3030,"level":1},{"id":"6281281853862@s.whatsapp.net","xp":1013,"level":1},{"id":"6281282314396@s.whatsapp.net","xp":1013,"level":1},{"id":"6287894520969@s.whatsapp.net","xp":1013,"level":1},{"id":"6288239561863@s.whatsapp.net","xp":1013,"level":1},{"id":"6283822474320@s.whatsapp.net","xp":1012,"level":1},{"id":"6282340243808@s.whatsapp.net","xp":1012,"level":1},{"id":"6283135717458@s.whatsapp.net","xp":1012,"level":1},{"id":"6283160202354@s.whatsapp.net","xp":1011,"level":1},{"id":"6281361411375@s.whatsapp.net","xp":1011,"level":1},{"id":"6288806264902@s.whatsapp.net","xp":1011,"level":1},{"id":"6283195340194@s.whatsapp.net","xp":1010,"level":1},{"id":"6285747411539@s.whatsapp.net","xp":1010,"level":1},{"id":"6281335749412@s.whatsapp.net","xp":1010,"level":1},{"id":"6283811425253@s.whatsapp.net","xp":1009,"level":1},{"id":"6285733199517@s.whatsapp.net","xp":1009,"level":1},{"id":"6288706493909@s.whatsapp.net","xp":1007,"level":1},{"id":"6289671693373@s.whatsapp.net","xp":9060,"level":2},{"id":"6282187068875@s.whatsapp.net","xp":1005,"level":1},{"id":"6285551131178@s.whatsapp.net","xp":1004,"level":1},{"id":"6283875246962@s.whatsapp.net","xp":510,"level":1},{"id":"6285329025908@s.whatsapp.net","xp":510,"level":1},{"id":"6283801184935@s.whatsapp.net","xp":510,"level":1},{"id":"6282329240867@s.whatsapp.net","xp":509,"level":1},{"id":"6282134055540@s.whatsapp.net","xp":509,"level":1},{"id":"6281361381236@s.whatsapp.net","xp":1009,"level":1},{"id":"6285693024640@s.whatsapp.net","xp":508,"level":1},{"id":"62895347986611@s.whatsapp.net","xp":508,"level":1},{"id":"6288804365091@s.whatsapp.net","xp":507,"level":1},{"id":"628979035020@s.whatsapp.net","xp":507,"level":1},{"id":"6285607169534@s.whatsapp.net","xp":1518,"level":1},{"id":"6285875965309@s.whatsapp.net","xp":506,"level":1},{"id":"6282283497634@s.whatsapp.net","xp":505,"level":1},{"id":"6281915313034@s.whatsapp.net","xp":505,"level":1},{"id":"6285607188803@s.whatsapp.net","xp":504,"level":1},{"id":"6281221187850@s.whatsapp.net","xp":504,"level":1},{"id":"6283804370044@s.whatsapp.net","xp":504,"level":1},{"id":"628885145027@s.whatsapp.net","xp":504,"level":1},{"id":"62895350570705@s.whatsapp.net","xp":503,"level":1},{"id":"6283801797425@s.whatsapp.net","xp":502,"level":1},{"id":"62882009900200@s.whatsapp.net","xp":502,"level":1},{"id":"628885145027@s.whatsapp.net","xp":502,"level":1},{"id":"6285741184216@s.whatsapp.net","xp":502,"level":1},{"id":"6282311675471@s.whatsapp.net","xp":501,"level":1},{"id":"6281345014302@s.whatsapp.net","xp":501,"level":1},{"id":"6285333172807@s.whatsapp.net","xp":501,"level":1},{"id":"6285655807787@s.whatsapp.net","xp":501,"level":1},{"id":"6285377118563@s.whatsapp.net","xp":1,"level":1},{"id":"6289639843600@s.whatsapp.net","xp":1,"level":1},{"id":"6288245745749@s.whatsapp.net","xp":1,"level":1},{"id":"6283845896641@s.whatsapp.net","xp":1,"level":1},{"id":"6285880421289@s.whatsapp.net","xp":1,"level":1},{"id":"628885691817@s.whatsapp.net","xp":1,"level":1},{"id":"6285225900097@s.whatsapp.net","xp":1,"level":1},{"id":"6285226199257@s.whatsapp.net","xp":1,"level":1},{"id":"6285860985038@s.whatsapp.net","xp":1,"level":1},{"id":"6288274289960@s.whatsapp.net","xp":1,"level":1},{"id":"6289669531882@s.whatsapp.net","xp":1,"level":1},{"id":"6288289246083@s.whatsapp.net","xp":1,"level":1},{"id":"6288221832108@s.whatsapp.net","xp":1,"level":1},{"id":"6285781564782@s.whatsapp.net","xp":1,"level":1},{"id":"6285787942257@s.whatsapp.net","xp":1,"level":1},{"id":"62895622040883@s.whatsapp.net","xp":1,"level":1},{"id":"6285711711667@s.whatsapp.net","xp":1,"level":1},{"id":"6283153860448@s.whatsapp.net","xp":1,"level":1},{"id":"6281216095887@s.whatsapp.net","xp":1,"level":1},{"id":"6282285430679@s.whatsapp.net","xp":1,"level":1},{"id":"6282325685389@s.whatsapp.net","xp":1,"level":1},{"id":"6285782921344@s.whatsapp.net","xp":1,"level":1},{"id":"62856917288392@s.whatsapp.net","xp":1,"level":1},{"id":"6282284135543@s.whatsapp.net","xp":1,"level":1},{"id":"6287754412327@s.whatsapp.net","xp":1,"level":1},{"id":"6283159704712@s.whatsapp.net","xp":1,"level":1},{"id":"6285718231305@s.whatsapp.net","xp":1,"level":1},{"id":"6289630088505@s.whatsapp.net","xp":1,"level":1},{"id":"6281779871690@s.whatsapp.net","xp":1,"level":1},{"id":"6281282502765@s.whatsapp.net","xp":1,"level":1},{"id":"6283852183077@s.whatsapp.net","xp":1,"level":1},{"id":"6281293070428@s.whatsapp.net","xp":1,"level":1},{"id":"6285704214541@s.whatsapp.net","xp":1,"level":1},{"id":"6282245542199@s.whatsapp.net","xp":1,"level":1},{"id":"6285781187685@s.whatsapp.net","xp":1,"level":1},{"id":"6289515470386@s.whatsapp.net","xp":1,"level":1},{"id":"6285654227743@s.whatsapp.net","xp":1,"level":1},{"id":"6283130170538@s.whatsapp.net","xp":1,"level":1},{"id":"6281347420165@s.whatsapp.net","xp":1,"level":1},{"id":"6285266700702@s.whatsapp.net","xp":1,"level":1},{"id":"6285822706277@s.whatsapp.net","xp":1,"level":1},{"id":"6281776085958@s.whatsapp.net","xp":1,"level":1},{"id":"6287781171118@s.whatsapp.net","xp":1,"level":1},{"id":"62895333262717@s.whatsapp.net","xp":1,"level":1},{"id":"628995825425@s.whatsapp.net","xp":1,"level":1},{"id":"6285712725822@s.whatsapp.net","xp":1,"level":1},{"id":"6282198796434@s.whatsapp.net","xp":1,"level":1},{"id":"6281231652876@s.whatsapp.net","xp":1,"level":1},{"id":"6288225372836@s.whatsapp.net","xp":1,"level":1},{"id":"6285727363591@s.whatsapp.net","xp":1,"level":1},{"id":"6285730414604@s.whatsapp.net","xp":1,"level":1},{"id":"6282193277903@s.whatsapp.net","xp":1,"level":1},{"id":"6283811767566@s.whatsapp.net","xp":1,"level":1},{"id":"6289636979851@s.whatsapp.net","xp":1,"level":1},{"id":"6288295883638@s.whatsapp.net","xp":1,"level":1},{"id":"6288289184252@s.whatsapp.net","xp":1,"level":1},{"id":"628551956902@s.whatsapp.net","xp":1,"level":1},{"id":"6282394118159@s.whatsapp.net","xp":1,"level":1},{"id":"6285366703388@s.whatsapp.net","xp":1,"level":1},{"id":"6285755625944@s.whatsapp.net","xp":1,"level":1},{"id":"6285763126498@s.whatsapp.net","xp":1,"level":1},{"id":"6282298636188@s.whatsapp.net","xp":1,"level":1},{"id":"6282217853673@s.whatsapp.net","xp":1,"level":1},{"id":"6287822124166@s.whatsapp.net","xp":1,"level":1},{"id":"6281390285395@s.whatsapp.net","xp":1,"level":1},{"id":"6287777575298@s.whatsapp.net","xp":1,"level":1},{"id":"6281387280702@s.whatsapp.net","xp":1,"level":1},{"id":"6285778450865@s.whatsapp.net","xp":1,"level":1},{"id":"6283805381793@s.whatsapp.net","xp":1,"level":1},{"id":"6281250164748@s.whatsapp.net","xp":1,"level":1},{"id":"6281329159703@s.whatsapp.net","xp":1,"level":1},{"id":"67074377099@s.whatsapp.net","xp":1,"level":1},{"id":"6285600963700@s.whatsapp.net","xp":1,"level":1},{"id":"6283167804713@s.whatsapp.net","xp":1,"level":1},{"id":"628113554091@s.whatsapp.net","xp":1,"level":1},{"id":"6285383319344@s.whatsapp.net","xp":1,"level":1},{"id":"6287787849690@s.whatsapp.net","xp":1,"level":1},{"id":"6283100479499@s.whatsapp.net","xp":1,"level":1},{"id":"6281333407691@s.whatsapp.net","xp":1,"level":1},{"id":"6285778739315@s.whatsapp.net","xp":1,"level":1},{"id":"6282112520358@s.whatsapp.net","xp":1,"level":1},{"id":"6288802196620@s.whatsapp.net","xp":1,"level":1},{"id":"6282211395826@s.whatsapp.net","xp":1,"level":1},{"id":"6282151083581@s.whatsapp.net","xp":1,"level":1},{"id":"6282315839140@s.whatsapp.net","xp":1,"level":1},{"id":"6281214242641@s.whatsapp.net","xp":1,"level":1},{"id":"6285219476575@s.whatsapp.net","xp":1,"level":1},{"id":"6282128826583@s.whatsapp.net","xp":1,"level":1},{"id":"6289671873733@s.whatsapp.net","xp":1,"level":1},{"id":"6281998301919@s.whatsapp.net","xp":1,"level":1},{"id":"6289601997822@s.whatsapp.net","xp":1,"level":1},{"id":"6282268620731@s.whatsapp.net","xp":1,"level":1},{"id":"6281268931802@s.whatsapp.net","xp":1,"level":1},{"id":"62881037005512@s.whatsapp.net","xp":1,"level":1},{"id":"6281280149471@s.whatsapp.net","xp":1,"level":1},{"id":"6282116528382@s.whatsapp.net","xp":1,"level":1},{"id":"6287758309096@s.whatsapp.net","xp":1,"level":1},{"id":"6285904357800@s.whatsapp.net","xp":1,"level":1},{"id":"6281944233159@s.whatsapp.net","xp":1,"level":1},{"id":"6285760625928@s.whatsapp.net","xp":1,"level":1},{"id":"6285878335848@s.whatsapp.net","xp":1,"level":1},{"id":"6281229380722@s.whatsapp.net","xp":1,"level":1},{"id":"6285867185837@s.whatsapp.net","xp":1,"level":1},{"id":"6285797311572@s.whatsapp.net","xp":1,"level":1},{"id":"6289620483354@s.whatsapp.net","xp":1,"level":1},{"id":"62895321249332@s.whatsapp.net","xp":1,"level":1},{"id":"6282281498585@s.whatsapp.net","xp":1,"level":1},{"id":"6288802111389@s.whatsapp.net","xp":1,"level":1},{"id":"6281568346247@s.whatsapp.net","xp":1,"level":1},{"id":"6283141674390@s.whatsapp.net","xp":1,"level":1},{"id":"62895413447316@s.whatsapp.net","xp":1,"level":1},{"id":"6288274368076@s.whatsapp.net","xp":1,"level":1},{"id":"6288238280016@s.whatsapp.net","xp":1,"level":1},{"id":"6281372762323@s.whatsapp.net","xp":1,"level":1},{"id":"6281346173783@s.whatsapp.net","xp":1,"level":1},{"id":"6281248068808@s.whatsapp.net","xp":1,"level":1},{"id":"6285559050256@s.whatsapp.net","xp":1,"level":1},{"id":"6289673443838@s.whatsapp.net","xp":1,"level":1},{"id":"6283897319571@s.whatsapp.net","xp":1,"level":1},{"id":"6282296958714@s.whatsapp.net","xp":1,"level":1},{"id":"6282327741928@s.whatsapp.net","xp":1,"level":1},{"id":"6289514308254@s.whatsapp.net","xp":1,"level":1},{"id":"6285961530403@s.whatsapp.net","xp":1,"level":1},{"id":"6288242158237@s.whatsapp.net","xp":1,"level":1},{"id":"6281515824721@s.whatsapp.net","xp":1,"level":1},{"id":"6281347249792@s.whatsapp.net","xp":1,"level":1},{"id":"6285828101306@s.whatsapp.net","xp":1,"level":1},{"id":"6283150676505@s.whatsapp.net","xp":1,"level":1},{"id":"6285256656652@s.whatsapp.net","xp":1,"level":1},{"id":"6287866046320@s.whatsapp.net","xp":1,"level":1},{"id":"6285242915341@s.whatsapp.net","xp":1,"level":1},{"id":"6285213079230@s.whatsapp.net","xp":1,"level":1},{"id":"6288292022864@s.whatsapp.net","xp":1,"level":1},{"id":"6285376171853@s.whatsapp.net","xp":1,"level":1},{"id":"6281268770890@s.whatsapp.net","xp":1,"level":1},{"id":"6285606226032@s.whatsapp.net","xp":1,"level":1},{"id":"6282384988779@s.whatsapp.net","xp":1,"level":1},{"id":"6283142141308@s.whatsapp.net","xp":1,"level":1},{"id":"62895378033424@s.whatsapp.net","xp":1,"level":1},{"id":"6282134003651@s.whatsapp.net","xp":1,"level":1},{"id":"6282259161048@s.whatsapp.net","xp":1,"level":1},{"id":"6285752359576@s.whatsapp.net","xp":1,"level":1},{"id":"6285606005280@s.whatsapp.net","xp":1,"level":1},{"id":"6285811772811@s.whatsapp.net","xp":1,"level":1},{"id":"6287860360052@s.whatsapp.net","xp":1,"level":1},{"id":"6285739110933@s.whatsapp.net","xp":1,"level":1},{"id":"6281278039593@s.whatsapp.net","xp":1,"level":1},{"id":"62895635127748@s.whatsapp.net","xp":1,"level":1},{"id":"6281338137038@s.whatsapp.net","xp":1,"level":1},{"id":"628986271649@s.whatsapp.net","xp":1,"level":1},{"id":"6282249032245@s.whatsapp.net","xp":1,"level":1},{"id":"6285737054374@s.whatsapp.net","xp":1,"level":1},{"id":"6285311233251@s.whatsapp.net","xp":1,"level":1},{"id":"6282350730261@s.whatsapp.net","xp":1,"level":1},{"id":"6285867965110@s.whatsapp.net","xp":1,"level":1},{"id":"6281928698403@s.whatsapp.net","xp":1,"level":1},{"id":"6289681946594@s.whatsapp.net","xp":1,"level":1},{"id":"6289652239212@s.whatsapp.net","xp":1,"level":1},{"id":"6285694752845@s.whatsapp.net","xp":1,"level":1},{"id":"6285832051373@s.whatsapp.net","xp":1,"level":1},{"id":"6285776455147@s.whatsapp.net","xp":1,"level":1},{"id":"6281236159898@s.whatsapp.net","xp":1,"level":1},{"id":"6281256444249@s.whatsapp.net","xp":1,"level":1},{"id":"6281546979089@s.whatsapp.net","xp":1,"level":1},{"id":"6289504350518@s.whatsapp.net","xp":1,"level":1},{"id":"6282130583119@s.whatsapp.net","xp":1,"level":1},{"id":"6281211761613@s.whatsapp.net","xp":1,"level":1},{"id":"6281218165170@s.whatsapp.net","xp":1,"level":1},{"id":"6283817993746@s.whatsapp.net","xp":1,"level":1},{"id":"6285765406341@s.whatsapp.net","xp":1,"level":1},{"id":"6283844573019@s.whatsapp.net","xp":1,"level":1},{"id":"628995103757@s.whatsapp.net","xp":1,"level":1},{"id":"6289652107050@s.whatsapp.net","xp":1,"level":1},{"id":"6289685518639@s.whatsapp.net","xp":1,"level":1},{"id":"6285323550983@s.whatsapp.net","xp":1,"level":1},{"id":"6285520926935@s.whatsapp.net","xp":1,"level":1},{"id":"6285379318662@s.whatsapp.net","xp":1,"level":1},{"id":"62895600438585@s.whatsapp.net","xp":1,"level":1},{"id":"6285236268872@s.whatsapp.net","xp":1,"level":1},{"id":"6285739123110@s.whatsapp.net","xp":1,"level":1},{"id":"6281366372101@s.whatsapp.net","xp":1,"level":1},{"id":"6283167635611@s.whatsapp.net","xp":1,"level":1},{"id":"62895395124928@s.whatsapp.net","xp":1,"level":1},{"id":"6281257226213@s.whatsapp.net","xp":1,"level":1},{"id":"6285378708011@s.whatsapp.net","xp":1,"level":1},{"id":"62895395040875@s.whatsapp.net","xp":1,"level":1},{"id":"6288233488986@s.whatsapp.net","xp":1,"level":1},{"id":"6281257864096@s.whatsapp.net","xp":1,"level":1},{"id":"6287892449824@s.whatsapp.net","xp":1,"level":1},{"id":"6287722944511@s.whatsapp.net","xp":1,"level":1},{"id":"6281904027523@s.whatsapp.net","xp":1,"level":1},{"id":"6282331868492@s.whatsapp.net","xp":1,"level":1},{"id":"6281804697444@s.whatsapp.net","xp":1,"level":1},{"id":"62895802615129@s.whatsapp.net","xp":1,"level":1},{"id":"628979385898@s.whatsapp.net","xp":1,"level":1},{"id":"6283875713439@s.whatsapp.net","xp":1,"level":1},{"id":"6282131554807@s.whatsapp.net","xp":1,"level":1},{"id":"6285881625574@s.whatsapp.net","xp":1,"level":1},{"id":"6289677299629@s.whatsapp.net","xp":1,"level":1},{"id":"6281291240427@s.whatsapp.net","xp":1,"level":1},{"id":"6289635781254@s.whatsapp.net","xp":1,"level":1},{"id":"6289654456758@s.whatsapp.net","xp":1,"level":1},{"id":"6282297922279@s.whatsapp.net","xp":1,"level":1},{"id":"6288258341038@s.whatsapp.net","xp":1,"level":1},{"id":"6283872270634@s.whatsapp.net","xp":1,"level":1},{"id":"6288216793577@s.whatsapp.net","xp":1,"level":1},{"id":"62895618658917@s.whatsapp.net","xp":1,"level":1},{"id":"628983307011@s.whatsapp.net","xp":1,"level":1},{"id":"6289512766953@s.whatsapp.net","xp":1,"level":1},{"id":"6289691627755@s.whatsapp.net","xp":1,"level":1},{"id":"6281542331172@s.whatsapp.net","xp":1,"level":1},{"id":"62881023734550@s.whatsapp.net","xp":1,"level":1},{"id":"6282297969136@s.whatsapp.net","xp":1,"level":1},{"id":"6281809507290@s.whatsapp.net","xp":1,"level":1},{"id":"6281343295971@s.whatsapp.net","xp":1,"level":1},{"id":"6285721028990@s.whatsapp.net","xp":1,"level":1},{"id":"6281632349488@s.whatsapp.net","xp":1,"level":1},{"id":"6281933033908@s.whatsapp.net","xp":1,"level":1},{"id":"6285394120915@s.whatsapp.net","xp":1,"level":1},{"id":"6281351730993@s.whatsapp.net","xp":1,"level":1},{"id":"6283819608358@s.whatsapp.net","xp":1,"level":1},{"id":"62895322457056@s.whatsapp.net","xp":1,"level":1},{"id":"6281292814316@s.whatsapp.net","xp":1,"level":1},{"id":"6289654751432@s.whatsapp.net","xp":1,"level":1},{"id":"6283143392412@s.whatsapp.net","xp":1,"level":1},{"id":"6283842169831@s.whatsapp.net","xp":1,"level":1},{"id":"6289501586949@s.whatsapp.net","xp":1,"level":1},{"id":"6281278426728@s.whatsapp.net","xp":1,"level":1},{"id":"6281934141227@s.whatsapp.net","xp":1,"level":1},{"id":"6283829404290@s.whatsapp.net","xp":1,"level":1},{"id":"6288223926973@s.whatsapp.net","xp":1,"level":1},{"id":"62895704380824@s.whatsapp.net","xp":1,"level":1},{"id":"62895322215813@s.whatsapp.net","xp":1,"level":1},{"id":"6281325079474@s.whatsapp.net","xp":1,"level":1},{"id":"6289526298709@s.whatsapp.net","xp":1,"level":1},{"id":"6285783646033@s.whatsapp.net","xp":1,"level":1},{"id":"6281398797087@s.whatsapp.net","xp":1,"level":1},{"id":"628997365400@s.whatsapp.net","xp":1,"level":1},{"id":"6283170098367@s.whatsapp.net","xp":1,"level":1},{"id":"628875602751@s.whatsapp.net","xp":1,"level":1},{"id":"62895610078120@s.whatsapp.net","xp":1,"level":1},{"id":"6282244851927@s.whatsapp.net","xp":1,"level":1},{"id":"6289630406052@s.whatsapp.net","xp":1,"level":1},{"id":"6287753247330@s.whatsapp.net","xp":1,"level":1},{"id":"6285848965024@s.whatsapp.net","xp":1,"level":1},{"id":"6289603617436@s.whatsapp.net","xp":1,"level":1},{"id":"6282282490010@s.whatsapp.net","xp":1,"level":1},{"id":"6282132732746@s.whatsapp.net","xp":1,"level":1},{"id":"6285607071875@s.whatsapp.net","xp":1,"level":1},{"id":"6283132727534@s.whatsapp.net","xp":1,"level":1},{"id":"6285654204893@s.whatsapp.net","xp":1,"level":1},{"id":"62895386568060@s.whatsapp.net","xp":1,"level":1},{"id":"6282394740167@s.whatsapp.net","xp":1,"level":1},{"id":"628989932618@s.whatsapp.net","xp":1,"level":1},{"id":"628975068115@s.whatsapp.net","xp":1,"level":1},{"id":"62887435927903@s.whatsapp.net","xp":1,"level":1},{"id":"6289652662737@s.whatsapp.net","xp":1,"level":1},{"id":"6283823099519@s.whatsapp.net","xp":1,"level":1},{"id":"6282278112123@s.whatsapp.net","xp":1,"level":1},{"id":"6283857928490@s.whatsapp.net","xp":1,"level":1},{"id":"6285760147324@s.whatsapp.net","xp":1,"level":1},{"id":"6281227203593@s.whatsapp.net","xp":1,"level":1},{"id":"6288973069702@s.whatsapp.net","xp":1,"level":1},{"id":"6282359300931@s.whatsapp.net","xp":1,"level":1},{"id":"6282194978220@s.whatsapp.net","xp":1,"level":1},{"id":"6285395919101@s.whatsapp.net","xp":1,"level":1},{"id":"6282216420073@s.whatsapp.net","xp":1,"level":1},{"id":"6281326372441@s.whatsapp.net","xp":1,"level":1},{"id":"6289513512374@s.whatsapp.net","xp":1,"level":1},{"id":"6285655005522@s.whatsapp.net","xp":1,"level":1},{"id":"6289602258244@s.whatsapp.net","xp":1,"level":1},{"id":"6281519191858@s.whatsapp.net","xp":1,"level":1},{"id":"6289502636260@s.whatsapp.net","xp":1,"level":1},{"id":"6281312951597@s.whatsapp.net","xp":1,"level":1},{"id":"6283879928048@s.whatsapp.net","xp":1,"level":1},{"id":"6285237336294@s.whatsapp.net","xp":1,"level":1},{"id":"6281327945067@s.whatsapp.net","xp":1,"level":1},{"id":"62895384217545@s.whatsapp.net","xp":1,"level":1},{"id":"6281356578090@s.whatsapp.net","xp":1,"level":1},{"id":"6281233931119@s.whatsapp.net","xp":1,"level":1},{"id":"6285882450399@s.whatsapp.net","xp":1,"level":1},{"id":"6289682964231@s.whatsapp.net","xp":1,"level":1},{"id":"6283103153357@s.whatsapp.net","xp":1,"level":1},{"id":"6289513117144@s.whatsapp.net","xp":1,"level":1},{"id":"6288245833260@s.whatsapp.net","xp":1,"level":1},{"id":"6281291467317@s.whatsapp.net","xp":1,"level":1},{"id":"6285931997202@s.whatsapp.net","xp":1,"level":1},{"id":"6281238302089@s.whatsapp.net","xp":1,"level":1},{"id":"6283813664678@s.whatsapp.net","xp":1,"level":1},{"id":"6287717314271@s.whatsapp.net","xp":1,"level":1},{"id":"6285779175650@s.whatsapp.net","xp":1,"level":1},{"id":"6285860743774@s.whatsapp.net","xp":1,"level":1},{"id":"62895606718998@s.whatsapp.net","xp":1,"level":1},{"id":"6282363302256@s.whatsapp.net","xp":1,"level":1},{"id":"6282313021398@s.whatsapp.net","xp":1,"level":1},{"id":"6289523090010@s.whatsapp.net","xp":1,"level":1},{"id":"6285654757016@s.whatsapp.net","xp":1,"level":1},{"id":"6283897627618@s.whatsapp.net","xp":1,"level":1},{"id":"6282250517832@s.whatsapp.net","xp":1,"level":1},{"id":"6285792473226@s.whatsapp.net","xp":1,"level":1},{"id":"6285298964838@s.whatsapp.net","xp":1,"level":1},{"id":"6285234722527@s.whatsapp.net","xp":1,"level":1},{"id":"6288235530818@s.whatsapp.net","xp":1,"level":1},{"id":"62895330572005@s.whatsapp.net","xp":1,"level":1},{"id":"6288258005318@s.whatsapp.net","xp":1,"level":1},{"id":"6287719977620@s.whatsapp.net","xp":1,"level":1},{"id":"6282157930738@s.whatsapp.net","xp":1,"level":1},{"id":"6289507250718@s.whatsapp.net","xp":1,"level":1},{"id":"62895320355992@s.whatsapp.net","xp":1,"level":1},{"id":"6287899663716@s.whatsapp.net","xp":1,"level":1},{"id":"6285752881364@s.whatsapp.net","xp":1,"level":1},{"id":"6289667787377@s.whatsapp.net","xp":1,"level":1},{"id":"6283168343772@s.whatsapp.net","xp":1,"level":1},{"id":"628816634026@s.whatsapp.net","xp":1,"level":1},{"id":"6282340256373@s.whatsapp.net","xp":1,"level":1},{"id":"6289630567608@s.whatsapp.net","xp":1,"level":1},{"id":"6287750645975@s.whatsapp.net","xp":1,"level":1},{"id":"6282117840242@s.whatsapp.net","xp":1,"level":1},{"id":"6282175486160@s.whatsapp.net","xp":1,"level":1},{"id":"6282112135055@s.whatsapp.net","xp":1,"level":1},{"id":"6285867823643@s.whatsapp.net","xp":1,"level":1},{"id":"6288297223723@s.whatsapp.net","xp":1,"level":1},{"id":"6285889041054@s.whatsapp.net","xp":1,"level":1},{"id":"6288220970253@s.whatsapp.net","xp":1,"level":1},{"id":"6281284549917@s.whatsapp.net","xp":1,"level":1},{"id":"6282374631020@s.whatsapp.net","xp":1,"level":1},{"id":"6281220155078@s.whatsapp.net","xp":1,"level":1},{"id":"6285820284443@s.whatsapp.net","xp":1,"level":1},{"id":"6287780332800@s.whatsapp.net","xp":1,"level":1},{"id":"62895613454834@s.whatsapp.net","xp":1,"level":1},{"id":"6285862830497@s.whatsapp.net","xp":1,"level":1},{"id":"6285694294390@s.whatsapp.net","xp":1,"level":1},{"id":"6289674549966@s.whatsapp.net","xp":1,"level":1},{"id":"6287857604866@s.whatsapp.net","xp":1,"level":1},{"id":"6282327227014@s.whatsapp.net","xp":1,"level":1},{"id":"6283129138066@s.whatsapp.net","xp":1,"level":1},{"id":"62895321233821@s.whatsapp.net","xp":1,"level":1},{"id":"6285817844901@s.whatsapp.net","xp":1,"level":1},{"id":"6283879115087@s.whatsapp.net","xp":1,"level":1},{"id":"6283875223311@s.whatsapp.net","xp":1,"level":1},{"id":"6289523668974@s.whatsapp.net","xp":1,"level":1},{"id":"6281383015440@s.whatsapp.net","xp":1,"level":1},{"id":"6285389546365@s.whatsapp.net","xp":1,"level":1},{"id":"6285397583013@s.whatsapp.net","xp":1,"level":1},{"id":"6281281075434@s.whatsapp.net","xp":1,"level":1},{"id":"6282122557025@s.whatsapp.net","xp":1,"level":1},{"id":"6282214123039@s.whatsapp.net","xp":1,"level":1},{"id":"6283184664689@s.whatsapp.net","xp":1,"level":1},{"id":"6285704127060@s.whatsapp.net","xp":1,"level":1},{"id":"6283848240517@s.whatsapp.net","xp":1,"level":1},{"id":"6283143486054@s.whatsapp.net","xp":1,"level":1},{"id":"6285707435477@s.whatsapp.net","xp":1,"level":1},{"id":"6287753966566@s.whatsapp.net","xp":1,"level":1},{"id":"628883696553@s.whatsapp.net","xp":1,"level":1},{"id":"6289518820142@s.whatsapp.net","xp":1,"level":1},{"id":"6281274646098@s.whatsapp.net","xp":1,"level":1},{"id":"6288706582627@s.whatsapp.net","xp":1,"level":1},{"id":"6281329615389@s.whatsapp.net","xp":1,"level":1},{"id":"6289520066675@s.whatsapp.net","xp":1,"level":1},{"id":"6289697736929@s.whatsapp.net","xp":1,"level":1},{"id":"6289508821324@s.whatsapp.net","xp":1,"level":1},{"id":"6282110920785@s.whatsapp.net","xp":1,"level":1},{"id":"6289690085000@s.whatsapp.net","xp":1,"level":1},{"id":"628176074258@s.whatsapp.net","xp":1,"level":1},{"id":"6285810842144@s.whatsapp.net","xp":1,"level":1},{"id":"6282233924161@s.whatsapp.net","xp":1,"level":1},{"id":"6283875749262@s.whatsapp.net","xp":1,"level":1},{"id":"6283846816835@s.whatsapp.net","xp":1,"level":1},{"id":"6285381857759@s.whatsapp.net","xp":1,"level":1},{"id":"6282167538395@s.whatsapp.net","xp":1,"level":1},{"id":"6283856495223@s.whatsapp.net","xp":1,"level":1},{"id":"6282214149724@s.whatsapp.net","xp":1,"level":1},{"id":"6285714808871@s.whatsapp.net","xp":1,"level":1},{"id":"6281913230395@s.whatsapp.net","xp":1,"level":1},{"id":"62895619167584@s.whatsapp.net","xp":1,"level":1},{"id":"6285871001706@s.whatsapp.net","xp":1,"level":1},{"id":"628888327155@s.whatsapp.net","xp":1,"level":1},{"id":"6285695419450@s.whatsapp.net","xp":1,"level":1},{"id":"6285651257512@s.whatsapp.net","xp":1,"level":1},{"id":"6283866775725@s.whatsapp.net","xp":1,"level":1},{"id":"6285697859320@s.whatsapp.net","xp":1,"level":1},{"id":"6285878632830@s.whatsapp.net","xp":1,"level":1},{"id":"628996989985@s.whatsapp.net","xp":1,"level":1},{"id":"6285648380499@s.whatsapp.net","xp":1,"level":1},{"id":"6285717643119@s.whatsapp.net","xp":1,"level":1},{"id":"6283170524719@s.whatsapp.net","xp":1,"level":1},{"id":"6285249303738@s.whatsapp.net","xp":1,"level":1},{"id":"6289516888858@s.whatsapp.net","xp":1,"level":1},{"id":"6287866145520@s.whatsapp.net","xp":1,"level":1},{"id":"6287771369144@s.whatsapp.net","xp":1,"level":1},{"id":"6289655998358@s.whatsapp.net","xp":1,"level":1},{"id":"6289525652545@s.whatsapp.net","xp":1,"level":1},{"id":"6288210162605@s.whatsapp.net","xp":1,"level":1},{"id":"6285240497825@s.whatsapp.net","xp":1,"level":1},{"id":"6281314226401@s.whatsapp.net","xp":1,"level":1},{"id":"6281232489339@s.whatsapp.net","xp":1,"level":1},{"id":"6288245610020@s.whatsapp.net","xp":1,"level":1},{"id":"6283111739123@s.whatsapp.net","xp":1,"level":1},{"id":"6281315134245@s.whatsapp.net","xp":1,"level":1},{"id":"628818653264@s.whatsapp.net","xp":1,"level":1},{"id":"6283879802080@s.whatsapp.net","xp":1,"level":1},{"id":"6285810644540@s.whatsapp.net","xp":1,"level":1},{"id":"6289697458406@s.whatsapp.net","xp":1,"level":1},{"id":"6283165689105@s.whatsapp.net","xp":1,"level":1},{"id":"6287840197348@s.whatsapp.net","xp":1,"level":1},{"id":"6283149406515@s.whatsapp.net","xp":1,"level":1},{"id":"6289523878391@s.whatsapp.net","xp":1,"level":1},{"id":"6283189266780@s.whatsapp.net","xp":1,"level":1},{"id":"6285813055116@s.whatsapp.net","xp":1,"level":1},{"id":"6283891991376@s.whatsapp.net","xp":1,"level":1},{"id":"6282149066907@s.whatsapp.net","xp":1,"level":1},{"id":"6282241277375@s.whatsapp.net","xp":1,"level":1},{"id":"6285256419367@s.whatsapp.net","xp":1,"level":1},{"id":"6281909615096@s.whatsapp.net","xp":1,"level":1},{"id":"6281330845208@s.whatsapp.net","xp":1,"level":1},{"id":"6289508255851@s.whatsapp.net","xp":1,"level":1},{"id":"628875233878@s.whatsapp.net","xp":1,"level":1},{"id":"6285740366460@s.whatsapp.net","xp":1,"level":1},{"id":"6281365121643@s.whatsapp.net","xp":1,"level":1},{"id":"6281548415017@s.whatsapp.net","xp":1,"level":1},{"id":"6285279089318@s.whatsapp.net","xp":1,"level":1},{"id":"6281912473203@s.whatsapp.net","xp":1,"level":1},{"id":"6285832248154@s.whatsapp.net","xp":1,"level":1},{"id":"6287723478053@s.whatsapp.net","xp":1,"level":1},{"id":"6283199789945@s.whatsapp.net","xp":1,"level":1},{"id":"6289522810058@s.whatsapp.net","xp":1,"level":1},{"id":"6281563858061@s.whatsapp.net","xp":1,"level":1},{"id":"6283811150366@s.whatsapp.net","xp":1,"level":1},{"id":"628127154224@s.whatsapp.net","xp":1,"level":1},{"id":"6287899522984@s.whatsapp.net","xp":1,"level":1},{"id":"6281213159952@s.whatsapp.net","xp":1,"level":1},{"id":"6282140747011@s.whatsapp.net","xp":1,"level":1},{"id":"6282138681217@s.whatsapp.net","xp":1,"level":1},{"id":"6285713236183@s.whatsapp.net","xp":1,"level":1},{"id":"62895700586033@s.whatsapp.net","xp":1,"level":1},{"id":"6281222876435@s.whatsapp.net","xp":1,"level":1},{"id":"6285741183251@s.whatsapp.net","xp":1,"level":1},{"id":"62882009042550@s.whatsapp.net","xp":1,"level":1},{"id":"6282225248711@s.whatsapp.net","xp":1,"level":1},{"id":"6282261009745@s.whatsapp.net","xp":1,"level":1},{"id":"6288289184154@s.whatsapp.net","xp":1,"level":1},{"id":"62895634575937@s.whatsapp.net","xp":1,"level":1},{"id":"6283801069313@s.whatsapp.net","xp":1,"level":1},{"id":"6285261094936@s.whatsapp.net","xp":1,"level":1},{"id":"6285707847166@s.whatsapp.net","xp":1,"level":1},{"id":"62895335574653@s.whatsapp.net","xp":1,"level":1},{"id":"16672377823@s.whatsapp.net","xp":1,"level":1},{"id":"6283891596284@s.whatsapp.net","xp":1,"level":1},{"id":"6282384473965@s.whatsapp.net","xp":1,"level":1},{"id":"62895627504256@s.whatsapp.net","xp":1,"level":1},{"id":"6288226568158@s.whatsapp.net","xp":1,"level":1},{"id":"6289643292849@s.whatsapp.net","xp":1,"level":1},{"id":"6281219846364@s.whatsapp.net","xp":1,"level":1},{"id":"6283168985773@s.whatsapp.net","xp":1,"level":1},{"id":"6288216035853@s.whatsapp.net","xp":1,"level":1},{"id":"6289504028455@s.whatsapp.net","xp":1,"level":1},{"id":"6281327420306@s.whatsapp.net","xp":1,"level":1},{"id":"6285779302698@s.whatsapp.net","xp":1,"level":1},{"id":"6282293887922@s.whatsapp.net","xp":1,"level":1},{"id":"6282251656867@s.whatsapp.net","xp":1,"level":1},{"id":"62895334390014@s.whatsapp.net","xp":1,"level":1},{"id":"6281283915687@s.whatsapp.net","xp":1,"level":1},{"id":"6288232685055@s.whatsapp.net","xp":1,"level":1},{"id":"6281326835352@s.whatsapp.net","xp":1,"level":1},{"id":"6288214101845@s.whatsapp.net","xp":1,"level":1},{"id":"6285712080193@s.whatsapp.net","xp":1,"level":1},{"id":"6285705623901@s.whatsapp.net","xp":1,"level":1},{"id":"6289502900031@s.whatsapp.net","xp":1,"level":1},{"id":"6289531546143@s.whatsapp.net","xp":1,"level":1},{"id":"6285607509020@s.whatsapp.net","xp":1,"level":1},{"id":"6285869661353@s.whatsapp.net","xp":1,"level":1},{"id":"6285249042444@s.whatsapp.net","xp":1,"level":1},{"id":"6285795513954@s.whatsapp.net","xp":1,"level":1},{"id":"6281263808370@s.whatsapp.net","xp":1,"level":1},{"id":"6285155448365@s.whatsapp.net","xp":1,"level":1},{"id":"6287734288318@s.whatsapp.net","xp":1,"level":1},{"id":"6281221933845@s.whatsapp.net","xp":1,"level":1},{"id":"6283831415513@s.whatsapp.net","xp":1,"level":1},{"id":"6289639040643@s.whatsapp.net","xp":1,"level":1},{"id":"6285728372191@s.whatsapp.net","xp":1,"level":1},{"id":"628990882029@s.whatsapp.net","xp":1,"level":1},{"id":"62813258431190@s.whatsapp.net","xp":1,"level":1},{"id":"62895321834845@s.whatsapp.net","xp":1,"level":1},{"id":"6285979535072@s.whatsapp.net","xp":1,"level":1},{"id":"6285607724451@s.whatsapp.net","xp":1,"level":1},{"id":"6285753002571@s.whatsapp.net","xp":1,"level":1},{"id":"62813463040972@s.whatsapp.net","xp":1,"level":1},{"id":"6288291013710@s.whatsapp.net","xp":1,"level":1},{"id":"6282296131902@s.whatsapp.net","xp":1,"level":1},{"id":"6283129042986@s.whatsapp.net","xp":1,"level":1},{"id":"62895342015020@s.whatsapp.net","xp":1,"level":1},{"id":"6281213908407@s.whatsapp.net","xp":1,"level":1},{"id":"6281357103588@s.whatsapp.net","xp":1,"level":1},{"id":"6288215211808@s.whatsapp.net","xp":1,"level":1},{"id":"6283809744029@s.whatsapp.net","xp":1,"level":1},{"id":"6289638315150@s.whatsapp.net","xp":1,"level":1},{"id":"6287880930012@s.whatsapp.net","xp":1,"level":1},{"id":"6288272884882@s.whatsapp.net","xp":1,"level":1},{"id":"62895711251515@s.whatsapp.net","xp":1,"level":1},{"id":"628999102730@s.whatsapp.net","xp":1,"level":1},{"id":"6285240720306@s.whatsapp.net","xp":1,"level":1},{"id":"6285749353604@s.whatsapp.net","xp":1,"level":1},{"id":"6285707309713@s.whatsapp.net","xp":1,"level":1},{"id":"6289669249514@s.whatsapp.net","xp":1,"level":1},{"id":"6282152085523@s.whatsapp.net","xp":1,"level":1},{"id":"6282283750394@s.whatsapp.net","xp":1,"level":1},{"id":"6289653706515@s.whatsapp.net","xp":1,"level":1},{"id":"6285809123630@s.whatsapp.net","xp":1,"level":1},{"id":"6282131641413@s.whatsapp.net","xp":1,"level":1},{"id":"6282330209800@s.whatsapp.net","xp":1,"level":1},{"id":"6285710158780@s.whatsapp.net","xp":1,"level":1},{"id":"62895330025933@s.whatsapp.net","xp":1,"level":1},{"id":"6283143374901@s.whatsapp.net","xp":1,"level":1},{"id":"6288229757855@s.whatsapp.net","xp":1,"level":1},{"id":"6281339384257@s.whatsapp.net","xp":1,"level":1},{"id":"6282181551659@s.whatsapp.net","xp":1,"level":1},{"id":"6281282696995@s.whatsapp.net","xp":1,"level":1},{"id":"6285231644892@s.whatsapp.net","xp":1,"level":1},{"id":"6283144746972@s.whatsapp.net","xp":1,"level":1},{"id":"6289633461256@s.whatsapp.net","xp":1,"level":1},{"id":"6283125895177@s.whatsapp.net","xp":1,"level":1},{"id":"6287760331856@s.whatsapp.net","xp":1,"level":1},{"id":"6285811152146@s.whatsapp.net","xp":1,"level":1},{"id":"6285788780452@s.whatsapp.net","xp":1,"level":1},{"id":"6281317636576@s.whatsapp.net","xp":1,"level":1},{"id":"6285695702596@s.whatsapp.net","xp":1,"level":1},{"id":"62895392613325@s.whatsapp.net","xp":1,"level":1},{"id":"6285692796539@s.whatsapp.net","xp":1,"level":1},{"id":"6281943654413@s.whatsapp.net","xp":1,"level":1},{"id":"6281362269058@s.whatsapp.net","xp":1,"level":1},{"id":"6281328287437@s.whatsapp.net","xp":1,"level":1},{"id":"6281395976239@s.whatsapp.net","xp":1,"level":1},{"id":"6285855298198@s.whatsapp.net","xp":1,"level":1},{"id":"6285784228487@s.whatsapp.net","xp":1,"level":1},{"id":"62856952729077@s.whatsapp.net","xp":1,"level":1},{"id":"6285383319455@s.whatsapp.net","xp":1,"level":1},{"id":"6289525316058@s.whatsapp.net","xp":1,"level":1},{"id":"6285723988955@s.whatsapp.net","xp":1,"level":1},{"id":"6285697950705@s.whatsapp.net","xp":1,"level":1},{"id":"6282116773018@s.whatsapp.net","xp":1,"level":1},{"id":"6283897539628@s.whatsapp.net","xp":1,"level":1},{"id":"6283808927115@s.whatsapp.net","xp":1,"level":1},{"id":"6283159511986@s.whatsapp.net","xp":1,"level":1},{"id":"6289638854661@s.whatsapp.net","xp":1,"level":1},{"id":"628815909552@s.whatsapp.net","xp":1,"level":1},{"id":"6285811631047@s.whatsapp.net","xp":1,"level":1},{"id":"62895605170557@s.whatsapp.net","xp":1,"level":1},{"id":"6282340074906@s.whatsapp.net","xp":1,"level":1},{"id":"62895604410675@s.whatsapp.net","xp":1,"level":1},{"id":"6281350885785@s.whatsapp.net","xp":1,"level":1},{"id":"6289525898820@s.whatsapp.net","xp":1,"level":1},{"id":"6281348670108@s.whatsapp.net","xp":1,"level":1},{"id":"6281257781196@s.whatsapp.net","xp":1,"level":1},{"id":"6289654326956@s.whatsapp.net","xp":1,"level":1},{"id":"6285712561591@s.whatsapp.net","xp":1,"level":1},{"id":"628813986428@s.whatsapp.net","xp":1,"level":1},{"id":"6289516110992@s.whatsapp.net","xp":1,"level":1},{"id":"6285608738744@s.whatsapp.net","xp":1,"level":1},{"id":"6282131321564@s.whatsapp.net","xp":1,"level":1},{"id":"6285778837136@s.whatsapp.net","xp":1,"level":1},{"id":"6282245598996@s.whatsapp.net","xp":1,"level":1},{"id":"6281298358561@s.whatsapp.net","xp":1,"level":1},{"id":"6282118686400@s.whatsapp.net","xp":1,"level":1},{"id":"6285802953086@s.whatsapp.net","xp":1,"level":1},{"id":"6281236156392@s.whatsapp.net","xp":1,"level":1},{"id":"6288235749315@s.whatsapp.net","xp":1,"level":1},{"id":"6285883282906@s.whatsapp.net","xp":1,"level":1},{"id":"62895610017601@s.whatsapp.net","xp":1,"level":1},{"id":"6283872621598@s.whatsapp.net","xp":1,"level":1},{"id":"6287774740200@s.whatsapp.net","xp":1,"level":1},{"id":"6283149880593@s.whatsapp.net","xp":1,"level":1},{"id":"628979596610@s.whatsapp.net","xp":1,"level":1},{"id":"6283140302795@s.whatsapp.net","xp":1,"level":1},{"id":"6285817323072@s.whatsapp.net","xp":1,"level":1},{"id":"6285848950264@s.whatsapp.net","xp":1,"level":1},{"id":"6285770085282@s.whatsapp.net","xp":1,"level":1},{"id":"6282122387243@s.whatsapp.net","xp":1,"level":1},{"id":"6285874048267@s.whatsapp.net","xp":1,"level":1},{"id":"6281257219199@s.whatsapp.net","xp":1,"level":1},{"id":"6287877589228@s.whatsapp.net","xp":1,"level":1},{"id":"6283140101604@s.whatsapp.net","xp":1,"level":1},{"id":"6285893078996@s.whatsapp.net","xp":1,"level":1},{"id":"6288230318213@s.whatsapp.net","xp":1,"level":1},{"id":"6281380499381@s.whatsapp.net","xp":1,"level":1},{"id":"6285731383331@s.whatsapp.net","xp":1,"level":1},{"id":"6283129290571@s.whatsapp.net","xp":1,"level":1},{"id":"62895331028612@s.whatsapp.net","xp":1,"level":1},{"id":"6288297856479@s.whatsapp.net","xp":1,"level":1},{"id":"628997510403@s.whatsapp.net","xp":1,"level":1},{"id":"6283121322711@s.whatsapp.net","xp":1,"level":1},{"id":"6285779809425@s.whatsapp.net","xp":1,"level":1},{"id":"6285297346481@s.whatsapp.net","xp":1,"level":1},{"id":"6285883419409@s.whatsapp.net","xp":1,"level":1},{"id":"6285759337214@s.whatsapp.net","xp":1,"level":1},{"id":"6281321886339@s.whatsapp.net","xp":1,"level":1},{"id":"6289697581964@s.whatsapp.net","xp":1,"level":1},{"id":"6283154626643@s.whatsapp.net","xp":1,"level":1},{"id":"628816581004@s.whatsapp.net","xp":1,"level":1},{"id":"6285787242924@s.whatsapp.net","xp":1,"level":1},{"id":"62859171562726@s.whatsapp.net","xp":1,"level":1},{"id":"6289612406165@s.whatsapp.net","xp":1,"level":1},{"id":"6285712829954@s.whatsapp.net","xp":1,"level":1},{"id":"6285708901380@s.whatsapp.net","xp":1,"level":1},{"id":"6281328316490@s.whatsapp.net","xp":1,"level":1},{"id":"6289635868162@s.whatsapp.net","xp":1,"level":1},{"id":"6288806709045@s.whatsapp.net","xp":1,"level":1},{"id":"628979195673@s.whatsapp.net","xp":1,"level":1},{"id":"6285731247853@s.whatsapp.net","xp":1,"level":1},{"id":"6281234594638@s.whatsapp.net","xp":1,"level":1},{"id":"6288228214260@s.whatsapp.net","xp":1,"level":1},{"id":"6288801527388@s.whatsapp.net","xp":1,"level":1},{"id":"6287747580112@s.whatsapp.net","xp":1,"level":1},{"id":"6281312346114@s.whatsapp.net","xp":1,"level":1},{"id":"6282249505836@s.whatsapp.net","xp":1,"level":1},{"id":"6282159178694@s.whatsapp.net","xp":1,"level":1},{"id":"6283849330949@s.whatsapp.net","xp":1,"level":1},{"id":"6285606334178@s.whatsapp.net","xp":1,"level":1},{"id":"6287774840784@s.whatsapp.net","xp":1,"level":1},{"id":"6285642942058@s.whatsapp.net","xp":1,"level":1},{"id":"6283165897799@s.whatsapp.net","xp":1,"level":1},{"id":"6287831152537@s.whatsapp.net","xp":1,"level":1},{"id":"6281337730290@s.whatsapp.net","xp":1,"level":1},{"id":"6285783189996@s.whatsapp.net","xp":1,"level":1},{"id":"6285236681857@s.whatsapp.net","xp":1,"level":1},{"id":"6289509420312@s.whatsapp.net","xp":1,"level":1},{"id":"6283834562737@s.whatsapp.net","xp":1,"level":1},{"id":"6285265554134@s.whatsapp.net","xp":1,"level":1},{"id":"6281252601806@s.whatsapp.net","xp":1,"level":1},{"id":"6289677647942@s.whatsapp.net","xp":1,"level":1},{"id":"6289530135767@s.whatsapp.net","xp":1,"level":1},{"id":"6282129080455@s.whatsapp.net","xp":1,"level":1},{"id":"6285888538879@s.whatsapp.net","xp":1,"level":1},{"id":"6283871642233@s.whatsapp.net","xp":1,"level":1},{"id":"6281320259363@s.whatsapp.net","xp":1,"level":1},{"id":"6282178728378@s.whatsapp.net","xp":1,"level":1},{"id":"6285215662756@s.whatsapp.net","xp":1,"level":1},{"id":"6282138321635@s.whatsapp.net","xp":1,"level":1},{"id":"62895359045519@s.whatsapp.net","xp":1,"level":1},{"id":"6281232196941@s.whatsapp.net","xp":1,"level":1},{"id":"6285785467064@s.whatsapp.net","xp":1,"level":1},{"id":"6285624235495@s.whatsapp.net","xp":1,"level":1},{"id":"6281313529311@s.whatsapp.net","xp":1,"level":1},{"id":"62895416131300@s.whatsapp.net","xp":1,"level":1},{"id":"6282398995320@s.whatsapp.net","xp":1,"level":1},{"id":"6281218329923@s.whatsapp.net","xp":1,"level":1},{"id":"6289603182689@s.whatsapp.net","xp":1,"level":1},{"id":"6281286912857@s.whatsapp.net","xp":1,"level":1},{"id":"6289615150681@s.whatsapp.net","xp":1,"level":1},{"id":"6285387672696@s.whatsapp.net","xp":1,"level":1},{"id":"6282235751749@s.whatsapp.net","xp":1,"level":1},{"id":"6285106142243@s.whatsapp.net","xp":1,"level":1},{"id":"6287701816246@s.whatsapp.net","xp":1,"level":1},{"id":"6285903706502@s.whatsapp.net","xp":1,"level":1},{"id":"6289637297819@s.whatsapp.net","xp":1,"level":1},{"id":"6282134301060@s.whatsapp.net","xp":1,"level":1},{"id":"628998783882@s.whatsapp.net","xp":1,"level":1},{"id":"6282286738037@s.whatsapp.net","xp":1,"level":1},{"id":"6281906860915@s.whatsapp.net","xp":1,"level":1},{"id":"62881038176850@s.whatsapp.net","xp":1,"level":1},{"id":"6287778376254@s.whatsapp.net","xp":1,"level":1},{"id":"62895341599053@s.whatsapp.net","xp":1,"level":1},{"id":"628881727812@s.whatsapp.net","xp":1,"level":1},{"id":"6283819021131@s.whatsapp.net","xp":1,"level":1},{"id":"6285760091524@s.whatsapp.net","xp":1,"level":1},{"id":"6281226530738@s.whatsapp.net","xp":1,"level":1},{"id":"6289515127224@s.whatsapp.net","xp":1,"level":1},{"id":"6285716283432@s.whatsapp.net","xp":1,"level":1},{"id":"6287861338102@s.whatsapp.net","xp":1,"level":1},{"id":"6287747875638@s.whatsapp.net","xp":1,"level":1},{"id":"6285895494297@s.whatsapp.net","xp":1,"level":1},{"id":"6282135701302@s.whatsapp.net","xp":1,"level":1},{"id":"6281316921315@s.whatsapp.net","xp":1,"level":1},{"id":"6285691685262@s.whatsapp.net","xp":1,"level":1},{"id":"628991792359@s.whatsapp.net","xp":1,"level":1},{"id":"6283893163228@s.whatsapp.net","xp":1,"level":1},{"id":"62895378570090@s.whatsapp.net","xp":1,"level":1},{"id":"6282228145548@s.whatsapp.net","xp":1,"level":1},{"id":"6282251114787@s.whatsapp.net","xp":1,"level":1},{"id":"6289518449291@s.whatsapp.net","xp":1,"level":1},{"id":"6285707066875@s.whatsapp.net","xp":1,"level":1},{"id":"6287834981266@s.whatsapp.net","xp":1,"level":1},{"id":"628813858693@s.whatsapp.net","xp":1,"level":1},{"id":"6282125698375@s.whatsapp.net","xp":1,"level":1},{"id":"6281917074233@s.whatsapp.net","xp":1,"level":1},{"id":"6288296208110@s.whatsapp.net","xp":1,"level":1},{"id":"6281398258084@s.whatsapp.net","xp":1,"level":1},{"id":"62895400296900@s.whatsapp.net","xp":1,"level":1},{"id":"6285755328310@s.whatsapp.net","xp":1,"level":1},{"id":"6285922128315@s.whatsapp.net","xp":1,"level":1},{"id":"6283152029515@s.whatsapp.net","xp":1,"level":1},{"id":"6285702071840@s.whatsapp.net","xp":1,"level":1},{"id":"628978324114@s.whatsapp.net","xp":1,"level":1},{"id":"6285225450385@s.whatsapp.net","xp":1,"level":1},{"id":"6281312786414@s.whatsapp.net","xp":1,"level":1},{"id":"6281528489572@s.whatsapp.net","xp":1,"level":1},{"id":"62895607721999@s.whatsapp.net","xp":1,"level":1},{"id":"6285800381083@s.whatsapp.net","xp":1,"level":1},{"id":"6283821284994@s.whatsapp.net","xp":1,"level":1},{"id":"62887436026119@s.whatsapp.net","xp":1,"level":1},{"id":"6283164676639@s.whatsapp.net","xp":1,"level":1},{"id":"6283175654126@s.whatsapp.net","xp":1,"level":1},{"id":"6282144910770@s.whatsapp.net","xp":1,"level":1},{"id":"6283857965798@s.whatsapp.net","xp":1,"level":1},{"id":"6289694741928@s.whatsapp.net","xp":1,"level":1},{"id":"62895363196328@s.whatsapp.net","xp":1,"level":1},{"id":"6283110066834@s.whatsapp.net","xp":1,"level":1},{"id":"6289530156804@s.whatsapp.net","xp":1,"level":1},{"id":"6285725833708@s.whatsapp.net","xp":1,"level":1},{"id":"6281211037493@s.whatsapp.net","xp":1,"level":1},{"id":"6285838702677@s.whatsapp.net","xp":1,"level":1},{"id":"6287849297933@s.whatsapp.net","xp":1,"level":1},{"id":"6283100472755@s.whatsapp.net","xp":1,"level":1},{"id":"6287832053002@s.whatsapp.net","xp":1,"level":1},{"id":"6289655085156@s.whatsapp.net","xp":1,"level":1},{"id":"6285842851019@s.whatsapp.net","xp":1,"level":1},{"id":"6287824294952@s.whatsapp.net","xp":1,"level":1},{"id":"6282249103653@s.whatsapp.net","xp":1,"level":1},{"id":"6283898800261@s.whatsapp.net","xp":1,"level":1},{"id":"6285812427605@s.whatsapp.net","xp":1,"level":1},{"id":"6281906015037@s.whatsapp.net","xp":1,"level":1},{"id":"6282112331605@s.whatsapp.net","xp":1,"level":1},{"id":"62895601456400@s.whatsapp.net","xp":1,"level":1},{"id":"6283830381406@s.whatsapp.net","xp":1,"level":1},{"id":"6281289746981@s.whatsapp.net","xp":1,"level":1},{"id":"6285695486592@s.whatsapp.net","xp":1,"level":1},{"id":"6281226374157@s.whatsapp.net","xp":1,"level":1},{"id":"6281386278963@s.whatsapp.net","xp":1,"level":1},{"id":"6288232640970@s.whatsapp.net","xp":1,"level":1},{"id":"6289503085455@s.whatsapp.net","xp":1,"level":1},{"id":"6281285906814@s.whatsapp.net","xp":1,"level":1},{"id":"6289652032544@s.whatsapp.net","xp":1,"level":1},{"id":"6282164948912@s.whatsapp.net","xp":1,"level":1},{"id":"6289602237811@s.whatsapp.net","xp":1,"level":1},{"id":"6289508238200@s.whatsapp.net","xp":1,"level":1},{"id":"6281222872400@s.whatsapp.net","xp":1,"level":1},{"id":"62895635788913@s.whatsapp.net","xp":1,"level":1},{"id":"6287719037428@s.whatsapp.net","xp":1,"level":1},{"id":"6282197972229@s.whatsapp.net","xp":1,"level":1},{"id":"6282126109982@s.whatsapp.net","xp":1,"level":1},{"id":"6282337779307@s.whatsapp.net","xp":1,"level":1},{"id":"6285242787342@s.whatsapp.net","xp":1,"level":1},{"id":"628975502749@s.whatsapp.net","xp":1,"level":1},{"id":"6281318284940@s.whatsapp.net","xp":1,"level":1},{"id":"6289517133303@s.whatsapp.net","xp":1,"level":1},{"id":"6285856277053@s.whatsapp.net","xp":1,"level":1},{"id":"6281268579589@s.whatsapp.net","xp":1,"level":1},{"id":"6285334239633@s.whatsapp.net","xp":1,"level":1},{"id":"6285834201050@s.whatsapp.net","xp":1,"level":1},{"id":"6282376972516@s.whatsapp.net","xp":1,"level":1},{"id":"6281328132798@s.whatsapp.net","xp":1,"level":1},{"id":"6285770009102@s.whatsapp.net","xp":1,"level":1},{"id":"6288238164548@s.whatsapp.net","xp":1,"level":1},{"id":"6288747416063@s.whatsapp.net","xp":1,"level":1},{"id":"6285719190570@s.whatsapp.net","xp":1,"level":1},{"id":"6283861107606@s.whatsapp.net","xp":1,"level":1},{"id":"6285790763534@s.whatsapp.net","xp":1,"level":1},{"id":"6281218199713@s.whatsapp.net","xp":1,"level":1},{"id":"6281296334582@s.whatsapp.net","xp":1,"level":1},{"id":"62895800017102@s.whatsapp.net","xp":1,"level":1},{"id":"628816747767@s.whatsapp.net","xp":1,"level":1},{"id":"6285346145602@s.whatsapp.net","xp":1,"level":1},{"id":"6289508813801@s.whatsapp.net","xp":1,"level":1},{"id":"6285849283603@s.whatsapp.net","xp":1,"level":1},{"id":"6281257791858@s.whatsapp.net","xp":1,"level":1},{"id":"628884965193@s.whatsapp.net","xp":1,"level":1},{"id":"6285279710203@s.whatsapp.net","xp":1,"level":1},{"id":"6281276068792@s.whatsapp.net","xp":1,"level":1},{"id":"6289637737496@s.whatsapp.net","xp":1,"level":1},{"id":"6285265643635@s.whatsapp.net","xp":1,"level":1},{"id":"62895357172433@s.whatsapp.net","xp":1,"level":1},{"id":"6288276490601@s.whatsapp.net","xp":1,"level":1},{"id":"6285381599872@s.whatsapp.net","xp":1,"level":1},{"id":"6282324027179@s.whatsapp.net","xp":1,"level":1},{"id":"6281243862303@s.whatsapp.net","xp":1,"level":1},{"id":"6285855453065@s.whatsapp.net","xp":1,"level":1},{"id":"6285797374827@s.whatsapp.net","xp":1,"level":1},{"id":"6289507332423@s.whatsapp.net","xp":1,"level":1},{"id":"6283821686365@s.whatsapp.net","xp":1,"level":1},{"id":"6281288855410@s.whatsapp.net","xp":1,"level":1},{"id":"6285608295725@s.whatsapp.net","xp":1,"level":1},{"id":"6288988027260@s.whatsapp.net","xp":1,"level":1},{"id":"6285712449394@s.whatsapp.net","xp":1,"level":1},{"id":"6285647036786@s.whatsapp.net","xp":1,"level":1},{"id":"6282246869774@s.whatsapp.net","xp":1,"level":1},{"id":"62895330248233@s.whatsapp.net","xp":1,"level":1},{"id":"6283846670005@s.whatsapp.net","xp":1,"level":1},{"id":"6281291564595@s.whatsapp.net","xp":1,"level":1},{"id":"6281327376893@s.whatsapp.net","xp":1,"level":1},{"id":"628995361100@s.whatsapp.net","xp":1,"level":1},{"id":"6281277020229@s.whatsapp.net","xp":1,"level":1},{"id":"6285697262997@s.whatsapp.net","xp":1,"level":1},{"id":"6289514590098@s.whatsapp.net","xp":1,"level":1},{"id":"6287799185467@s.whatsapp.net","xp":1,"level":1},{"id":"6283870340041@s.whatsapp.net","xp":1,"level":1},{"id":"6282220640909@s.whatsapp.net","xp":1,"level":1},{"id":"6282375109376@s.whatsapp.net","xp":1,"level":1},{"id":"6281271425007@s.whatsapp.net","xp":1,"level":1},{"id":"6281234834707@s.whatsapp.net","xp":1,"level":1},{"id":"6289509799449@s.whatsapp.net","xp":1,"level":1},{"id":"6289506471300@s.whatsapp.net","xp":1,"level":1},{"id":"6281357269746@s.whatsapp.net","xp":1,"level":1},{"id":"6281219448697@s.whatsapp.net","xp":1,"level":1},{"id":"6285878094107@s.whatsapp.net","xp":1,"level":1},{"id":"6289526382558@s.whatsapp.net","xp":1,"level":1},{"id":"6289686901681@s.whatsapp.net","xp":1,"level":1},{"id":"6281358111132@s.whatsapp.net","xp":1,"level":1},{"id":"6282151901544@s.whatsapp.net","xp":1,"level":1},{"id":"6281649133205@s.whatsapp.net","xp":1,"level":1},{"id":"6285346824215@s.whatsapp.net","xp":1,"level":1},{"id":"6285346526593@s.whatsapp.net","xp":1,"level":1},{"id":"6289691311325@s.whatsapp.net","xp":1,"level":1},{"id":"6285753483340@s.whatsapp.net","xp":1,"level":1},{"id":"6282251276967@s.whatsapp.net","xp":1,"level":1},{"id":"6285350113432@s.whatsapp.net","xp":1,"level":1},{"id":"60145723204@s.whatsapp.net","xp":1,"level":1},{"id":"6285942112818@s.whatsapp.net","xp":1,"level":1},{"id":"6283879630601@s.whatsapp.net","xp":1,"level":1},{"id":"6282136373819@s.whatsapp.net","xp":1,"level":1},{"id":"628151883979@s.whatsapp.net","xp":1,"level":1},{"id":"6285282996146@s.whatsapp.net","xp":1,"level":1},{"id":"6285745513937@s.whatsapp.net","xp":1,"level":1},{"id":"6282134163366@s.whatsapp.net","xp":1,"level":1},{"id":"6287761374420@s.whatsapp.net","xp":1,"level":1},{"id":"6285697078917@s.whatsapp.net","xp":1,"level":1},{"id":"6285776288940@s.whatsapp.net","xp":1,"level":1},{"id":"6289678025914@s.whatsapp.net","xp":1,"level":1},{"id":"628993508642@s.whatsapp.net","xp":1,"level":1},{"id":"6285691666863@s.whatsapp.net","xp":1,"level":1},{"id":"601160599749@s.whatsapp.net","xp":1,"level":1},{"id":"6285281136155@s.whatsapp.net","xp":1,"level":1},{"id":"62895373745620@s.whatsapp.net","xp":1,"level":1},{"id":"6285718588158@s.whatsapp.net","xp":1,"level":1},{"id":"6283142137815@s.whatsapp.net","xp":1,"level":1},{"id":"6285725273748@s.whatsapp.net","xp":1,"level":1},{"id":"62895421994260@s.whatsapp.net","xp":1,"level":1},{"id":"6287881043048@s.whatsapp.net","xp":1,"level":1},{"id":"6283167443391@s.whatsapp.net","xp":1,"level":1},{"id":"6289518457839@s.whatsapp.net","xp":1,"level":1},{"id":"6283155899171@s.whatsapp.net","xp":1,"level":1},{"id":"6285769538130@s.whatsapp.net","xp":1,"level":1},{"id":"6282164626563@s.whatsapp.net","xp":1,"level":1},{"id":"6287850838425@s.whatsapp.net","xp":1,"level":1},{"id":"6285786759614@s.whatsapp.net","xp":1,"level":1},{"id":"6281517877598@s.whatsapp.net","xp":1,"level":1},{"id":"6285718366706@s.whatsapp.net","xp":1,"level":1},{"id":"6281350477792@s.whatsapp.net","xp":1,"level":1},{"id":"60105618264@s.whatsapp.net","xp":1,"level":1},{"id":"6283862791151@s.whatsapp.net","xp":1,"level":1},{"id":"6289518891730@s.whatsapp.net","xp":1,"level":1},{"id":"6281632120251@s.whatsapp.net","xp":1,"level":1},{"id":"6285102512210@s.whatsapp.net","xp":1,"level":1},{"id":"6285396057382@s.whatsapp.net","xp":1,"level":1},{"id":"6281229100582@s.whatsapp.net","xp":1,"level":1},{"id":"6285798846521@s.whatsapp.net","xp":1,"level":1},{"id":"62895348157875@s.whatsapp.net","xp":1,"level":1},{"id":"6283808967515@s.whatsapp.net","xp":1,"level":1},{"id":"6285791120499@s.whatsapp.net","xp":1,"level":1},{"id":"6281327998775@s.whatsapp.net","xp":1,"level":1},{"id":"6289523269254@s.whatsapp.net","xp":1,"level":1},{"id":"6285781542574@s.whatsapp.net","xp":1,"level":1},{"id":"628981747674@s.whatsapp.net","xp":1,"level":1},{"id":"6289668694559@s.whatsapp.net","xp":1,"level":1},{"id":"62895404577878@s.whatsapp.net","xp":1,"level":1},{"id":"6282133743791@s.whatsapp.net","xp":1,"level":1},{"id":"6282298941771@s.whatsapp.net","xp":1,"level":1},{"id":"6285888464216@s.whatsapp.net","xp":1,"level":1},{"id":"6285718538330@s.whatsapp.net","xp":1,"level":1},{"id":"6285955288180@s.whatsapp.net","xp":1,"level":1},{"id":"6283122637141@s.whatsapp.net","xp":1,"level":1},{"id":"6285229752639@s.whatsapp.net","xp":1,"level":1},{"id":"6288289562885@s.whatsapp.net","xp":1,"level":1},{"id":"6289508654991@s.whatsapp.net","xp":1,"level":1},{"id":"6282242280006@s.whatsapp.net","xp":1,"level":1},{"id":"6282346742536@s.whatsapp.net","xp":1,"level":1},{"id":"6285381507851@s.whatsapp.net","xp":1,"level":1},{"id":"628561122693@s.whatsapp.net","xp":1,"level":1},{"id":"6285813448850@s.whatsapp.net","xp":1,"level":1},{"id":"6285794089380@s.whatsapp.net","xp":1,"level":1},{"id":"6285730851202@s.whatsapp.net","xp":1,"level":1},{"id":"6281213970038@s.whatsapp.net","xp":1,"level":1},{"id":"62895320307710@s.whatsapp.net","xp":1,"level":1},{"id":"62881025198866@s.whatsapp.net","xp":1,"level":1},{"id":"6289629646888@s.whatsapp.net","xp":1,"level":1},{"id":"6285711363529@s.whatsapp.net","xp":1,"level":1},{"id":"6285798460520@s.whatsapp.net","xp":1,"level":1},{"id":"628888911799@s.whatsapp.net","xp":1,"level":1},{"id":"6285710235513@s.whatsapp.net","xp":1,"level":1},{"id":"6285624573574@s.whatsapp.net","xp":1,"level":1},{"id":"6288809625363@s.whatsapp.net","xp":1,"level":1},{"id":"6285727884293@s.whatsapp.net","xp":1,"level":1},{"id":"62895342034459@s.whatsapp.net","xp":1,"level":1},{"id":"6283108487695@s.whatsapp.net","xp":1,"level":1},{"id":"6289529327279@s.whatsapp.net","xp":1,"level":1},{"id":"6283809370692@s.whatsapp.net","xp":1,"level":1},{"id":"6281339831035@s.whatsapp.net","xp":1,"level":1},{"id":"6281355634257@s.whatsapp.net","xp":1,"level":1},{"id":"6283809370692@s.whatsapp.net","xp":1,"level":1},{"id":"6283826760482@s.whatsapp.net","xp":1,"level":1},{"id":"6283149619481@s.whatsapp.net","xp":1,"level":1},{"id":"6285727884293@s.whatsapp.net","xp":1,"level":1},{"id":"62895340689134@s.whatsapp.net","xp":1,"level":1},{"id":"6281944435802@s.whatsapp.net","xp":1,"level":1},{"id":"6282250345139@s.whatsapp.net","xp":1,"level":1},{"id":"6288809625363@s.whatsapp.net","xp":1,"level":1},{"id":"6282116408649@s.whatsapp.net","xp":1,"level":1},{"id":"6287752537297@s.whatsapp.net","xp":1,"level":1},{"id":"628561122693@s.whatsapp.net","xp":1,"level":1},{"id":"6281224890358@s.whatsapp.net","xp":1,"level":1},{"id":"6287701686957@s.whatsapp.net","xp":1,"level":1},{"id":"6281285332856@s.whatsapp.net","xp":1,"level":1},{"id":"62895360974312@s.whatsapp.net","xp":1,"level":1},{"id":"6281383196688@s.whatsapp.net","xp":1,"level":1},{"id":"6281382202234@s.whatsapp.net","xp":1,"level":1},{"id":"6282242280006@s.whatsapp.net","xp":1,"level":1},{"id":"19292323619@s.whatsapp.net","xp":1,"level":1},{"id":"6285715440218@s.whatsapp.net","xp":1,"level":1},{"id":"6285329124853@s.whatsapp.net","xp":1,"level":1},{"id":"6283824374143@s.whatsapp.net","xp":1,"level":1},{"id":"6287782399772@s.whatsapp.net","xp":1,"level":1},{"id":"6285694033437@s.whatsapp.net","xp":1,"level":1},{"id":"6283827791254@s.whatsapp.net","xp":1,"level":1},{"id":"6289530433644@s.whatsapp.net","xp":1,"level":1},{"id":"6281717804458@s.whatsapp.net","xp":1,"level":1},{"id":"6289529327279@s.whatsapp.net","xp":1,"level":1},{"id":"6285717438320@s.whatsapp.net","xp":1,"level":1},{"id":"6281341761919@s.whatsapp.net","xp":1,"level":1},{"id":"6281999005345@s.whatsapp.net","xp":1,"level":1},{"id":"6281325847455@s.whatsapp.net","xp":1,"level":1},{"id":"6285889176090@s.whatsapp.net","xp":1,"level":1},{"id":"6283808967515@s.whatsapp.net","xp":1,"level":1},{"id":"628982559797@s.whatsapp.net","xp":1,"level":1},{"id":"6281524478313@s.whatsapp.net","xp":1,"level":1},{"id":"6285607539997@s.whatsapp.net","xp":1,"level":1},{"id":"6282178936528@s.whatsapp.net","xp":1,"level":1},{"id":"62895424948500@s.whatsapp.net","xp":1,"level":1},{"id":"6288744520954@s.whatsapp.net","xp":1,"level":1},{"id":"6285972739030@s.whatsapp.net","xp":1,"level":1},{"id":"6285774288960@s.whatsapp.net","xp":1,"level":1},{"id":"6281252146708@s.whatsapp.net","xp":1,"level":1},{"id":"6289516106509@s.whatsapp.net","xp":1,"level":1},{"id":"6283892512124@s.whatsapp.net","xp":1,"level":1},{"id":"6289678458491@s.whatsapp.net","xp":1,"level":1},{"id":"6285331609143@s.whatsapp.net","xp":1,"level":1},{"id":"6285725638281@s.whatsapp.net","xp":1,"level":1},{"id":"6289670039783@s.whatsapp.net","xp":1,"level":1},{"id":"6288709756580@s.whatsapp.net","xp":1,"level":1},{"id":"6285600288407@s.whatsapp.net","xp":1,"level":1},{"id":"6289697907766@s.whatsapp.net","xp":1,"level":1},{"id":"6282241285529@s.whatsapp.net","xp":1,"level":1},{"id":"628818530476@s.whatsapp.net","xp":1,"level":1},{"id":"6283110461377@s.whatsapp.net","xp":1,"level":1},{"id":"6281219827397@s.whatsapp.net","xp":1,"level":1},{"id":"6283800726835@s.whatsapp.net","xp":1,"level":1},{"id":"6282119303211@s.whatsapp.net","xp":1,"level":1},{"id":"6282131892702@s.whatsapp.net","xp":1,"level":1},{"id":"6287832221757@s.whatsapp.net","xp":1,"level":1},{"id":"6281218557169@s.whatsapp.net","xp":1,"level":1},{"id":"6281386347320@s.whatsapp.net","xp":1,"level":1},{"id":"6289644757676@s.whatsapp.net","xp":1,"level":1},{"id":"6287870562875@s.whatsapp.net","xp":1,"level":1},{"id":"6281224452370@s.whatsapp.net","xp":1,"level":1},{"id":"628979752366@s.whatsapp.net","xp":1,"level":1},{"id":"62895621188808@s.whatsapp.net","xp":1,"level":1},{"id":"6285933790374@s.whatsapp.net","xp":1,"level":1},{"id":"6285842240886@s.whatsapp.net","xp":1,"level":1},{"id":"6282137141070@s.whatsapp.net","xp":1,"level":1},{"id":"6281260108815@s.whatsapp.net","xp":1,"level":1},{"id":"6282283777484@s.whatsapp.net","xp":1,"level":1},{"id":"6285720732348@s.whatsapp.net","xp":1,"level":1},{"id":"6287863143426@s.whatsapp.net","xp":1,"level":1},{"id":"6285888464216@s.whatsapp.net","xp":1,"level":1},{"id":"6285322703625@s.whatsapp.net","xp":1,"level":1},{"id":"6285788971955@s.whatsapp.net","xp":1,"level":1},{"id":"6281299187220@s.whatsapp.net","xp":1,"level":1},{"id":"6281356184646@s.whatsapp.net","xp":1,"level":1},{"id":"628558556477@s.whatsapp.net","xp":1,"level":1},{"id":"6285794319890@s.whatsapp.net","xp":1,"level":1},{"id":"62895333082416@s.whatsapp.net","xp":1,"level":1},{"id":"6287887912929@s.whatsapp.net","xp":1,"level":1},{"id":"6288215672476@s.whatsapp.net","xp":1,"level":1},{"id":"6282228022674@s.whatsapp.net","xp":1,"level":1},{"id":"62895321550123@s.whatsapp.net","xp":1,"level":1},{"id":"6285891433819@s.whatsapp.net","xp":1,"level":1},{"id":"6285874061039@s.whatsapp.net","xp":1,"level":1},{"id":"6285269236928@s.whatsapp.net","xp":1,"level":1},{"id":"62895356638060@s.whatsapp.net","xp":1,"level":1},{"id":"628980617050@s.whatsapp.net","xp":1,"level":1},{"id":"6283806553032@s.whatsapp.net","xp":1,"level":1},{"id":"6281524116097@s.whatsapp.net","xp":1,"level":1},{"id":"6289637888926@s.whatsapp.net","xp":1,"level":1},{"id":"6288238598827@s.whatsapp.net","xp":1,"level":1},{"id":"6285243810010@s.whatsapp.net","xp":1,"level":1},{"id":"6282111733698@s.whatsapp.net","xp":1,"level":1},{"id":"62895365525683@s.whatsapp.net","xp":1,"level":1},{"id":"6281532970623@s.whatsapp.net","xp":1,"level":1},{"id":"6283125691834@s.whatsapp.net","xp":1,"level":1},{"id":"6282260062520@s.whatsapp.net","xp":1,"level":1},{"id":"6285892959447@s.whatsapp.net","xp":1,"level":1},{"id":"6281219356654@s.whatsapp.net","xp":1,"level":1},{"id":"6281288443231@s.whatsapp.net","xp":1,"level":1},{"id":"6285643568921@s.whatsapp.net","xp":1,"level":1},{"id":"6285647893244@s.whatsapp.net","xp":1,"level":1},{"id":"6281387651101@s.whatsapp.net","xp":1,"level":1},{"id":"6282157184006@s.whatsapp.net","xp":1,"level":1},{"id":"6285335411709@s.whatsapp.net","xp":1,"level":1},{"id":"6282223367859@s.whatsapp.net","xp":1,"level":1},{"id":"6282118279602@s.whatsapp.net","xp":1,"level":1},{"id":"6288286110879@s.whatsapp.net","xp":1,"level":1},{"id":"6289517910540@s.whatsapp.net","xp":1,"level":1},{"id":"6285157211120@s.whatsapp.net","xp":1,"level":1},{"id":"6282398567526@s.whatsapp.net","xp":1,"level":1},{"id":"6288289562885@s.whatsapp.net","xp":1,"level":1},{"id":"6289523269254@s.whatsapp.net","xp":1,"level":1},{"id":"6281262597474@s.whatsapp.net","xp":1,"level":1},{"id":"62881025338604@s.whatsapp.net","xp":1,"level":1},{"id":"6289517786528@s.whatsapp.net","xp":1,"level":1},{"id":"6285875956523@s.whatsapp.net","xp":1,"level":1},{"id":"6283820617167@s.whatsapp.net","xp":1,"level":1},{"id":"62812348347073@s.whatsapp.net","xp":1,"level":1},{"id":"6285745664913@s.whatsapp.net","xp":1,"level":1},{"id":"6285892687535@s.whatsapp.net","xp":1,"level":1},{"id":"6282358541484@s.whatsapp.net","xp":1,"level":1},{"id":"6285768042680@s.whatsapp.net","xp":1,"level":1},{"id":"62881026374226@s.whatsapp.net","xp":1,"level":1},{"id":"6281283739749@s.whatsapp.net","xp":1,"level":1},{"id":"6288271667190@s.whatsapp.net","xp":1,"level":1},{"id":"6282139632660@s.whatsapp.net","xp":1,"level":1},{"id":"6285882455409@s.whatsapp.net","xp":1,"level":1},{"id":"6285861138107@s.whatsapp.net","xp":1,"level":1},{"id":"6281292389150@s.whatsapp.net","xp":1,"level":1},{"id":"628990613911@s.whatsapp.net","xp":1,"level":1},{"id":"6281280696448@s.whatsapp.net","xp":1,"level":1},{"id":"628165445250@s.whatsapp.net","xp":1,"level":1},{"id":"6285717048312@s.whatsapp.net","xp":1,"level":1},{"id":"6287866732237@s.whatsapp.net","xp":1,"level":1},{"id":"62881024505137@s.whatsapp.net","xp":1,"level":1},{"id":"6285727724436@s.whatsapp.net","xp":1,"level":1},{"id":"6285839078980@s.whatsapp.net","xp":1,"level":1},{"id":"6288290489169@s.whatsapp.net","xp":1,"level":1},{"id":"6282244557523@s.whatsapp.net","xp":1,"level":1},{"id":"6282241846242@s.whatsapp.net","xp":1,"level":1},{"id":"6285394723486@s.whatsapp.net","xp":1,"level":1},{"id":"6285691827959@s.whatsapp.net","xp":1,"level":1},{"id":"6282214438230@s.whatsapp.net","xp":1,"level":1},{"id":"6285338712290@s.whatsapp.net","xp":1,"level":1},{"id":"628991260993@s.whatsapp.net","xp":1,"level":1},{"id":"6289504010630@s.whatsapp.net","xp":1,"level":1},{"id":"6285785459187@s.whatsapp.net","xp":1,"level":1},{"id":"6283890525625@s.whatsapp.net","xp":1,"level":1},{"id":"6285602905398@s.whatsapp.net","xp":1,"level":1},{"id":"628986407936@s.whatsapp.net","xp":1,"level":1},{"id":"62895806519432@s.whatsapp.net","xp":1,"level":1},{"id":"6288212732275@s.whatsapp.net","xp":1,"level":1},{"id":"6282310411734@s.whatsapp.net","xp":1,"level":1},{"id":"628818271582@s.whatsapp.net","xp":1,"level":1},{"id":"6289654954185@s.whatsapp.net","xp":1,"level":1},{"id":"62895395331323@s.whatsapp.net","xp":1,"level":1},{"id":"6285772248332@s.whatsapp.net","xp":1,"level":1},{"id":"6287882115476@s.whatsapp.net","xp":1,"level":1},{"id":"6289682771402@s.whatsapp.net","xp":1,"level":1},{"id":"6285779122477@s.whatsapp.net","xp":1,"level":1},{"id":"6281298113512@s.whatsapp.net","xp":1,"level":1},{"id":"6285730346698@s.whatsapp.net","xp":1,"level":1},{"id":"6289632330784@s.whatsapp.net","xp":1,"level":1},{"id":"6281917965846@s.whatsapp.net","xp":1,"level":1},{"id":"62895803241774@s.whatsapp.net","xp":1,"level":1},{"id":"6283120031422@s.whatsapp.net","xp":1,"level":1},{"id":"62895334916914@s.whatsapp.net","xp":1,"level":1},{"id":"6289652843008@s.whatsapp.net","xp":1,"level":1},{"id":"6282325574232@s.whatsapp.net","xp":1,"level":1},{"id":"6281262408469@s.whatsapp.net","xp":1,"level":1},{"id":"6283849157825@s.whatsapp.net","xp":1,"level":1},{"id":"6283143509647@s.whatsapp.net","xp":1,"level":1},{"id":"6287870381007@s.whatsapp.net","xp":1,"level":1},{"id":"6285110436840@s.whatsapp.net","xp":1,"level":1},{"id":"6282186634355@s.whatsapp.net","xp":1,"level":1},{"id":"6289503897734@s.whatsapp.net","xp":1,"level":1},{"id":"6285763441292@s.whatsapp.net","xp":1,"level":1},{"id":"6285895896731@s.whatsapp.net","xp":1,"level":1},{"id":"6287864455471@s.whatsapp.net","xp":1,"level":1},{"id":"6282112030120@s.whatsapp.net","xp":1,"level":1},{"id":"6283108487695@s.whatsapp.net","xp":1,"level":1},{"id":"62895321257395@s.whatsapp.net","xp":1,"level":1},{"id":"6285742077132@s.whatsapp.net","xp":1,"level":1},{"id":"6283181748951@s.whatsapp.net","xp":1,"level":1},{"id":"6281357376819@s.whatsapp.net","xp":1,"level":1},{"id":"6281298827901@s.whatsapp.net","xp":1,"level":1},{"id":"6282276480993@s.whatsapp.net","xp":1,"level":1},{"id":"6285213910679@s.whatsapp.net","xp":1,"level":1},{"id":"6281514882367@s.whatsapp.net","xp":1,"level":1},{"id":"6288219459551@s.whatsapp.net","xp":1,"level":1},{"id":"6283142336092@s.whatsapp.net","xp":1,"level":1},{"id":"62895341075847@s.whatsapp.net","xp":1,"level":1},{"id":"6285932948455@s.whatsapp.net","xp":1,"level":1},{"id":"6282176499496@s.whatsapp.net","xp":1,"level":1},{"id":"6285890059207@s.whatsapp.net","xp":1,"level":1},{"id":"6289664477755@s.whatsapp.net","xp":1,"level":1},{"id":"6282310906978@s.whatsapp.net","xp":1,"level":1},{"id":"62895421273128@s.whatsapp.net","xp":1,"level":1},{"id":"6285788631085@s.whatsapp.net","xp":1,"level":1},{"id":"6282181083359@s.whatsapp.net","xp":1,"level":1},{"id":"6283136015881@s.whatsapp.net","xp":1,"level":1},{"id":"62853857065216@s.whatsapp.net","xp":1,"level":1},{"id":"6281342694734@s.whatsapp.net","xp":1,"level":1},{"id":"6281549226131@s.whatsapp.net","xp":1,"level":1},{"id":"6283821370916@s.whatsapp.net","xp":1,"level":1},{"id":"6283841418807@s.whatsapp.net","xp":1,"level":1},{"id":"62887435392220@s.whatsapp.net","xp":1,"level":1},{"id":"6285254552636@s.whatsapp.net","xp":1,"level":1},{"id":"6281318552146@s.whatsapp.net","xp":1,"level":1},{"id":"628179631146@s.whatsapp.net","xp":1,"level":1},{"id":"6289697719828@s.whatsapp.net","xp":1,"level":1},{"id":"6285718027462@s.whatsapp.net","xp":1,"level":1},{"id":"6282327371642@s.whatsapp.net","xp":1,"level":1},{"id":"6287824181099@s.whatsapp.net","xp":1,"level":1},{"id":"6289628961179@s.whatsapp.net","xp":1,"level":1},{"id":"6288216147581@s.whatsapp.net","xp":1,"level":1},{"id":"6288210609744@s.whatsapp.net","xp":1,"level":1},{"id":"6282346742536@s.whatsapp.net","xp":1,"level":1},{"id":"628970297098@s.whatsapp.net","xp":1,"level":1},{"id":"6288233601636@s.whatsapp.net","xp":1,"level":1},{"id":"6282139962891@s.whatsapp.net","xp":1,"level":1},{"id":"6287750844937@s.whatsapp.net","xp":1,"level":1},{"id":"6287827054480@s.whatsapp.net","xp":1,"level":1},{"id":"628559851012@s.whatsapp.net","xp":1,"level":1},{"id":"6283847782455@s.whatsapp.net","xp":1,"level":1},{"id":"6285330722249@s.whatsapp.net","xp":1,"level":1},{"id":"628980121909@s.whatsapp.net","xp":1,"level":1},{"id":"6281319126495@s.whatsapp.net","xp":1,"level":1},{"id":"6281319899572@s.whatsapp.net","xp":1,"level":1},{"id":"6289652452780@s.whatsapp.net","xp":1,"level":1},{"id":"6289503876222@s.whatsapp.net","xp":1,"level":1},{"id":"6281366393627@s.whatsapp.net","xp":1,"level":1},{"id":"6287841673007@s.whatsapp.net","xp":1,"level":1},{"id":"6285659831284@s.whatsapp.net","xp":1,"level":1},{"id":"6281547373922@s.whatsapp.net","xp":1,"level":1},{"id":"6285872659044@s.whatsapp.net","xp":1,"level":1},{"id":"62859183973711@s.whatsapp.net","xp":1,"level":1},{"id":"6288706301824@s.whatsapp.net","xp":1,"level":1},{"id":"6281333207642@s.whatsapp.net","xp":1,"level":1},{"id":"6289647385238@s.whatsapp.net","xp":1,"level":1},{"id":"62895619027856@s.whatsapp.net","xp":1,"level":1},{"id":"6282284095972@s.whatsapp.net","xp":1,"level":1},{"id":"6285783219820@s.whatsapp.net","xp":1,"level":1},{"id":"6282131020882@s.whatsapp.net","xp":1,"level":1},{"id":"6285602384697@s.whatsapp.net","xp":1,"level":1},{"id":"6281284086912@s.whatsapp.net","xp":1,"level":1},{"id":"62895406470008@s.whatsapp.net","xp":1,"level":1},{"id":"6289636859300@s.whatsapp.net","xp":1,"level":1},{"id":"6283151502780@s.whatsapp.net","xp":1,"level":1},{"id":"6289522048405@s.whatsapp.net","xp":1,"level":1},{"id":"6288211969989@s.whatsapp.net","xp":1,"level":1},{"id":"62895636533274@s.whatsapp.net","xp":1,"level":1},{"id":"6289508992900@s.whatsapp.net","xp":1,"level":1},{"id":"6282139238563@s.whatsapp.net","xp":1,"level":1},{"id":"6288216638798@s.whatsapp.net","xp":1,"level":1},{"id":"628813893829@s.whatsapp.net","xp":1,"level":1},{"id":"6287766955289@s.whatsapp.net","xp":1,"level":1},{"id":"6281293061456@s.whatsapp.net","xp":1,"level":1},{"id":"6282363352693@s.whatsapp.net","xp":1,"level":1},{"id":"6285883595838@s.whatsapp.net","xp":1,"level":1},{"id":"6287717710182@s.whatsapp.net","xp":1,"level":1},{"id":"6288297502262@s.whatsapp.net","xp":1,"level":1},{"id":"6285649446229@s.whatsapp.net","xp":1,"level":1},{"id":"6283819654409@s.whatsapp.net","xp":1,"level":1},{"id":"6285697880392@s.whatsapp.net","xp":1,"level":1},{"id":"6285755742700@s.whatsapp.net","xp":1,"level":1},{"id":"6285742516466@s.whatsapp.net","xp":1,"level":1},{"id":"628995618868@s.whatsapp.net","xp":1,"level":1},{"id":"6283102138130@s.whatsapp.net","xp":1,"level":1},{"id":"6285658334146@s.whatsapp.net","xp":1,"level":1},{"id":"6285641044698@s.whatsapp.net","xp":1,"level":1},{"id":"6282336546588@s.whatsapp.net","xp":1,"level":1},{"id":"6282268181380@s.whatsapp.net","xp":1,"level":1},{"id":"6282398785682@s.whatsapp.net","xp":1,"level":1},{"id":"628887076110@s.whatsapp.net","xp":1,"level":1},{"id":"6281313408452@s.whatsapp.net","xp":1,"level":1},{"id":"6285213281385@s.whatsapp.net","xp":1,"level":1},{"id":"6285708556367@s.whatsapp.net","xp":1,"level":1},{"id":"6281398751139@s.whatsapp.net","xp":1,"level":1},{"id":"6282320226792@s.whatsapp.net","xp":1,"level":1},{"id":"62895377390221@s.whatsapp.net","xp":1,"level":1},{"id":"6285769010483@s.whatsapp.net","xp":1,"level":1},{"id":"62895704243205@s.whatsapp.net","xp":1,"level":1},{"id":"6285860984933@s.whatsapp.net","xp":1,"level":1},{"id":"6288225301165@s.whatsapp.net","xp":1,"level":1},{"id":"6285249369077@s.whatsapp.net","xp":1,"level":1},{"id":"62895419520808@s.whatsapp.net","xp":1,"level":1},{"id":"6282169996532@s.whatsapp.net","xp":1,"level":1},{"id":"62895621585650@s.whatsapp.net","xp":1,"level":1},{"id":"628970996051@s.whatsapp.net","xp":1,"level":1},{"id":"6282118899624@s.whatsapp.net","xp":1,"level":1},{"id":"6281278221305@s.whatsapp.net","xp":1,"level":1},{"id":"6289629883374@s.whatsapp.net","xp":1,"level":1},{"id":"6285832056701@s.whatsapp.net","xp":1,"level":1},{"id":"6285763556072@s.whatsapp.net","xp":1,"level":1},{"id":"62895385266496@s.whatsapp.net","xp":1,"level":1},{"id":"6281220143930@s.whatsapp.net","xp":1,"level":1},{"id":"6282296935019@s.whatsapp.net","xp":1,"level":1},{"id":"6285777301772@s.whatsapp.net","xp":1,"level":1},{"id":"6282163974320@s.whatsapp.net","xp":1,"level":1},{"id":"62895700891278@s.whatsapp.net","xp":1,"level":1},{"id":"6283179241735@s.whatsapp.net","xp":1,"level":1},{"id":"6283150060630@s.whatsapp.net","xp":1,"level":1},{"id":"6285773491566@s.whatsapp.net","xp":1,"level":1},{"id":"62895412195432@s.whatsapp.net","xp":1,"level":1},{"id":"6288213694460@s.whatsapp.net","xp":1,"level":1},{"id":"6285846517326@s.whatsapp.net","xp":1,"level":1},{"id":"6285755302406@s.whatsapp.net","xp":1,"level":1},{"id":"6289512456065@s.whatsapp.net","xp":1,"level":1},{"id":"557399501838@s.whatsapp.net","xp":1,"level":1},{"id":"6287874727906@s.whatsapp.net","xp":1,"level":1},{"id":"6285719658464@s.whatsapp.net","xp":1,"level":1},{"id":"628886888613@s.whatsapp.net","xp":1,"level":1},{"id":"62895424022338@s.whatsapp.net","xp":1,"level":1},{"id":"6282143325048@s.whatsapp.net","xp":1,"level":1},{"id":"6285259179998@s.whatsapp.net","xp":1,"level":1},{"id":"6283832636381@s.whatsapp.net","xp":1,"level":1},{"id":"6285778006124@s.whatsapp.net","xp":1,"level":1},{"id":"6285748467646@s.whatsapp.net","xp":1,"level":1},{"id":"6282281347161@s.whatsapp.net","xp":1,"level":1},{"id":"6285722239846@s.whatsapp.net","xp":1,"level":1},{"id":"6283194594201@s.whatsapp.net","xp":1,"level":1},{"id":"6282213224829@s.whatsapp.net","xp":1,"level":1},{"id":"6289626098263@s.whatsapp.net","xp":6562,"level":2},{"id":"6281388681658@s.whatsapp.net","xp":1,"level":1},{"id":"6285792987756@s.whatsapp.net","xp":1,"level":1},{"id":"62895636201144@s.whatsapp.net","xp":1,"level":1},{"id":"6285299165744@s.whatsapp.net","xp":1,"level":1},{"id":"6283866064560@s.whatsapp.net","xp":1,"level":1}]